[2026-09-24 11:32:29] local.ERROR: Class "App\Http\Controllers\ActivityController" does not exist {"exception":"[object] (ReflectionException(code: -1): Class \"App\\Http\\Controllers\\ActivityController\" does not exist at C:/Users/Nakata/Documents/Proyek 3/praktikum_modul_3_251511009_nakata/Modul3/activity-manager/vendor/laravel/framework/src/Illuminate/Foundation/Console/RouteListCommand.php:285)
[stacktrace]
#0 C:/Users/Nakata/Documents/Proyek 3/praktikum_modul_3_251511009_nakata/Modul3/activity-manager/vendor/laravel/framework/src/Illuminate/Foundation/Console/RouteListCommand.php(285): ReflectionClass->__construct('App//Http//Contro...')
#1 C:/Users/Nakata/Documents/Proyek 3/praktikum_modul_3_251511009_nakata/Modul3/activity-manager/vendor/laravel/framework/src/Illuminate/Foundation/Console/RouteListCommand.php(161): Illuminate/Foundation/Console/RouteListCommand->isVendorRoute(Object(Illuminate/Routing/Route))
#2 C:/Users/Nakata/Documents/Proyek 3/praktikum_modul_3_251511009_nakata/Modul3/activity-manager/vendor/laravel/framework/src/Illuminate/Foundation/Console/RouteListCommand.php(128): Illuminate/Foundation/Console/RouteListCommand->getRouteInformation(Object(Illuminate/Routing/Route))
#3 [internal function]: Illuminate/Foundation/Console/RouteListCommand->{closure:Illuminate/Foundation/Console/RouteListCommand::getRoutes():128}(Object(Illuminate/Routing/Route), 1)
#4 C:/Users/Nakata/Documents/Proyek 3/praktikum_modul_3_251511009_nakata/Modul3/activity-manager/vendor/laravel/framework/src/Illuminate/Collections/Arr.php(858): array_map(Object(Closure), Array, Array)
#5 C:/Users/Nakata/Documents/Proyek 3/praktikum_modul_3_251511009_nakata/Modul3/activity-manager/vendor/laravel/framework/src/Illuminate/Collections/Collection.php(833): Illuminate/Support/Arr::map(Array, Object(Closure))
#6 C:/Users/Nakata/Documents/Proyek 3/praktikum_modul_3_251511009_nakata/Modul3/activity-manager/vendor/laravel/framework/src/Illuminate/Foundation/Console/RouteListCommand.php(128): Illuminate/Support/Collection->map(Object(Closure))
#7 C:/Users/Nakata/Documents/Proyek 3/praktikum_modul_3_251511009_nakata/Modul3/activity-manager/vendor/laravel/framework/src/Illuminate/Foundation/Console/RouteListCommand.php(113): Illuminate/Foundation/Console/RouteListCommand->getRoutes()
#8 C:/Users/Nakata/Documents/Proyek 3/praktikum_modul_3_251511009_nakata/Modul3/activity-manager/vendor/laravel/framework/src/Illuminate/Container/BoundMethod.php(36): Illuminate/Foundation/Console/RouteListCommand->handle()
#9 C:/Users/Nakata/Documents/Proyek 3/praktikum_modul_3_251511009_nakata/Modul3/activity-manager/vendor/laravel/framework/src/Illuminate/Container/Util.php(43): Illuminate/Container/BoundMethod::{closure:Illuminate/Container/BoundMethod::call():35}()
#10 C:/Users/Nakata/Documents/Proyek 3/praktikum_modul_3_251511009_nakata/Modul3/activity-manager/vendor/laravel/framework/src/Illuminate/Container/BoundMethod.php(96): Illuminate/Container/Util::unwrapIfClosure(Object(Closure))
#11 C:/Users/Nakata/Documents/Proyek 3/praktikum_modul_3_251511009_nakata/Modul3/activity-manager/vendor/laravel/framework/src/Illuminate/Container/BoundMethod.php(35): Illuminate/Container/BoundMethod::callBoundMethod(Object(Illuminate/Foundation/Application), Array, Object(Closure))
#12 C:/Users/Nakata/Documents/Proyek 3/praktikum_modul_3_251511009_nakata/Modul3/activity-manager/vendor/laravel/framework/src/Illuminate/Container/Container.php(803): Illuminate/Container/BoundMethod::call(Object(Illuminate/Foundation/Application), Array, Array, NULL)
#13 C:/Users/Nakata/Documents/Proyek 3/praktikum_modul_3_251511009_nakata/Modul3/activity-manager/vendor/laravel/framework/src/Illuminate/Console/Command.php(292): Illuminate/Container/Container->call(Array)
#14 C:/Users/Nakata/Documents/Proyek 3/praktikum_modul_3_251511009_nakata/Modul3/activity-manager/vendor/symfony/console/Command/Command.php(341): Illuminate/Console/Command->execute(Object(Symfony/Component/Console/Input/ArgvInput), Object(Illuminate/Console/OutputStyle))
#15 C:/Users/Nakata/Documents/Proyek 3/praktikum_modul_3_251511009_nakata/Modul3/activity-manager/vendor/laravel/framework/src/Illuminate/Console/Command.php(261): Symfony/Component/Console/Command/Command->run(Object(Symfony/Component/Console/Input/ArgvInput), Object(Illuminate/Console/OutputStyle))
#16 C:/Users/Nakata/Documents/Proyek 3/praktikum_modul_3_251511009_nakata/Modul3/activity-manager/vendor/symfony/console/Application.php(1117): Illuminate/Console/Command->run(Object(Symfony/Component/Console/Input/ArgvInput), Object(Symfony/Component/Console/Output/ConsoleOutput))
#17 C:/Users/Nakata/Documents/Proyek 3/praktikum_modul_3_251511009_nakata/Modul3/activity-manager/vendor/symfony/console/Application.php(356): Symfony/Component/Console/Application->doRunCommand(Object(Illuminate/Foundation/Console/RouteListCommand), Object(Symfony/Component/Console/Input/ArgvInput), Object(Symfony/Component/Console/Output/ConsoleOutput))
#18 C:/Users/Nakata/Documents/Proyek 3/praktikum_modul_3_251511009_nakata/Modul3/activity-manager/vendor/symfony/console/Application.php(195): Symfony/Component/Console/Application->doRun(Object(Symfony/Component/Console/Input/ArgvInput), Object(Symfony/Component/Console/Output/ConsoleOutput))
#19 C:/Users/Nakata/Documents/Proyek 3/praktikum_modul_3_251511009_nakata/Modul3/activity-manager/vendor/laravel/framework/src/Illuminate/Foundation/Console/Kernel.php(198): Symfony/Component/Console/Application->run(Object(Symfony/Component/Console/Input/ArgvInput), Object(Symfony/Component/Console/Output/ConsoleOutput))
#20 C:/Users/Nakata/Documents/Proyek 3/praktikum_modul_3_251511009_nakata/Modul3/activity-manager/vendor/laravel/framework/src/Illuminate/Foundation/Application.php(1242): Illuminate/Foundation/Console/Kernel->handle(Object(Symfony/Component/Console/Input/ArgvInput), Object(Symfony/Component/Console/Output/ConsoleOutput))
#21 C:/Users/Nakata/Documents/Proyek 3/praktikum_modul_3_251511009_nakata/Modul3/activity-manager/artisan(16): Illuminate/Foundation/Application->handleCommand(Object(Symfony/Component/Console/Input/ArgvInput))
#22 {main}
"} 
[2026-09-24 11:38:19] local.ERROR: SQLSTATE[HY000]: General error: 1 table "activities" already exists (Connection: sqlite, Database: C:\Users\Nakata\Documents\Proyek 3\praktikum_modul_3_251511009_nakata\Modul3\activity-manager\database\database.sqlite, SQL: create table "activities" ("id" integer primary key autoincrement not null, "created_at" datetime, "updated_at" datetime)) {"exception":"[object] (Illuminate\\Database\\QueryException(code: HY000): SQLSTATE[HY000]: General error: 1 table \"activities\" already exists (Connection: sqlite, Database: C:\\Users\\Nakata\\Documents\\Proyek 3\\praktikum_modul_3_251511009_nakata\\Modul3\\activity-manager\\database\\database.sqlite, SQL: create table \"activities\" (\"id\" integer primary key autoincrement not null, \"created_at\" datetime, \"updated_at\" datetime)) at C:/Users/Nakata/Documents/Proyek 3/praktikum_modul_3_251511009_nakata/Modul3/activity-manager/vendor/laravel/framework/src/Illuminate/Database/Connection.php:857)
[stacktrace]
#0 C:/Users/Nakata/Documents/Proyek 3/praktikum_modul_3_251511009_nakata/Modul3/activity-manager/vendor/laravel/framework/src/Illuminate/Database/Connection.php(813): Illuminate/Database/Connection->runQueryCallback('create table \"a...', Array, Object(Closure))
#1 C:/Users/Nakata/Documents/Proyek 3/praktikum_modul_3_251511009_nakata/Modul3/activity-manager/vendor/laravel/framework/src/Illuminate/Database/Connection.php(590): Illuminate/Database/Connection->run('create table \"a...', Array, Object(Closure))
#2 C:/Users/Nakata/Documents/Proyek 3/praktikum_modul_3_251511009_nakata/Modul3/activity-manager/vendor/laravel/framework/src/Illuminate/Database/Schema/Blueprint.php(122): Illuminate/Database/Connection->statement('create table \"a...')
#3 C:/Users/Nakata/Documents/Proyek 3/praktikum_modul_3_251511009_nakata/Modul3/activity-manager/vendor/laravel/framework/src/Illuminate/Database/Schema/Builder.php(704): Illuminate/Database/Schema/Blueprint->build()
#4 C:/Users/Nakata/Documents/Proyek 3/praktikum_modul_3_251511009_nakata/Modul3/activity-manager/vendor/laravel/framework/src/Illuminate/Database/Schema/Builder.php(522): Illuminate/Database/Schema/Builder->build(Object(Illuminate/Database/Schema/Blueprint))
#5 C:/Users/Nakata/Documents/Proyek 3/praktikum_modul_3_251511009_nakata/Modul3/activity-manager/vendor/laravel/framework/src/Illuminate/Support/Facades/Facade.php(364): Illuminate/Database/Schema/Builder->create('activities', Object(Closure))
#6 C:/Users/Nakata/Documents/Proyek 3/praktikum_modul_3_251511009_nakata/Modul3/activity-manager/database/migrations/2026_09_24_113625_create_activities_table.php(14): Illuminate/Support/Facades/Facade::__callStatic('create', Array)
#7 C:/Users/Nakata/Documents/Proyek 3/praktikum_modul_3_251511009_nakata/Modul3/activity-manager/vendor/laravel/framework/src/Illuminate/Database/Migrations/Migrator.php(517): Illuminate/Database/Migrations/Migration@anonymous->up()
#8 C:/Users/Nakata/Documents/Proyek 3/praktikum_modul_3_251511009_nakata/Modul3/activity-manager/vendor/laravel/framework/src/Illuminate/Database/Migrations/Migrator.php(442): Illuminate/Database/Migrations/Migrator->runMethod(Object(Illuminate/Database/SQLiteConnection), Object(Illuminate/Database/Migrations/Migration@anonymous), 'up')
#9 C:/Users/Nakata/Documents/Proyek 3/praktikum_modul_3_251511009_nakata/Modul3/activity-manager/vendor/laravel/framework/src/Illuminate/Database/Migrations/Migrator.php(451): Illuminate/Database/Migrations/Migrator->{closure:Illuminate/Database/Migrations/Migrator::runMigration():438}()
#10 C:/Users/Nakata/Documents/Proyek 3/praktikum_modul_3_251511009_nakata/Modul3/activity-manager/vendor/laravel/framework/src/Illuminate/Database/Migrations/Migrator.php(253): Illuminate/Database/Migrations/Migrator->runMigration(Object(Illuminate/Database/Migrations/Migration@anonymous), 'up', '2026_09_24_1136...')
#11 C:/Users/Nakata/Documents/Proyek 3/praktikum_modul_3_251511009_nakata/Modul3/activity-manager/vendor/laravel/framework/src/Illuminate/Console/View/Components/Task.php(43): Illuminate/Database/Migrations/Migrator->{closure:Illuminate/Database/Migrations/Migrator::runUp():253}()
#12 C:/Users/Nakata/Documents/Proyek 3/praktikum_modul_3_251511009_nakata/Modul3/activity-manager/vendor/laravel/framework/src/Illuminate/Database/Migrations/Migrator.php(853): Illuminate/Console/View/Components/Task->render('2026_09_24_1136...', Object(Closure))
#13 C:/Users/Nakata/Documents/Proyek 3/praktikum_modul_3_251511009_nakata/Modul3/activity-manager/vendor/laravel/framework/src/Illuminate/Database/Migrations/Migrator.php(253): Illuminate/Database/Migrations/Migrator->write('Illuminate//Cons...', '2026_09_24_1136...', Object(Closure))
#14 C:/Users/Nakata/Documents/Proyek 3/praktikum_modul_3_251511009_nakata/Modul3/activity-manager/vendor/laravel/framework/src/Illuminate/Database/Migrations/Migrator.php(211): Illuminate/Database/Migrations/Migrator->runUp('C://Users//Nakata...', 3, false)
#15 C:/Users/Nakata/Documents/Proyek 3/praktikum_modul_3_251511009_nakata/Modul3/activity-manager/vendor/laravel/framework/src/Illuminate/Database/Migrations/Migrator.php(138): Illuminate/Database/Migrations/Migrator->runPending(Array, Array)
#16 C:/Users/Nakata/Documents/Proyek 3/praktikum_modul_3_251511009_nakata/Modul3/activity-manager/vendor/laravel/framework/src/Illuminate/Database/Console/Migrations/MigrateCommand.php(118): Illuminate/Database/Migrations/Migrator->run(Array, Array)
#17 C:/Users/Nakata/Documents/Proyek 3/praktikum_modul_3_251511009_nakata/Modul3/activity-manager/vendor/laravel/framework/src/Illuminate/Database/Migrations/Migrator.php(672): Illuminate/Database/Console/Migrations/MigrateCommand->{closure:Illuminate/Database/Console/Migrations/MigrateCommand::runMigrations():111}()
#18 C:/Users/Nakata/Documents/Proyek 3/praktikum_modul_3_251511009_nakata/Modul3/activity-manager/vendor/laravel/framework/src/Illuminate/Database/Console/Migrations/MigrateCommand.php(111): Illuminate/Database/Migrations/Migrator->usingConnection(NULL, Object(Closure))
#19 C:/Users/Nakata/Documents/Proyek 3/praktikum_modul_3_251511009_nakata/Modul3/activity-manager/vendor/laravel/framework/src/Illuminate/Database/Console/Migrations/MigrateCommand.php(90): Illuminate/Database/Console/Migrations/MigrateCommand->runMigrations()
#20 C:/Users/Nakata/Documents/Proyek 3/praktikum_modul_3_251511009_nakata/Modul3/activity-manager/vendor/laravel/framework/src/Illuminate/Container/BoundMethod.php(36): Illuminate/Database/Console/Migrations/MigrateCommand->handle()
#21 C:/Users/Nakata/Documents/Proyek 3/praktikum_modul_3_251511009_nakata/Modul3/activity-manager/vendor/laravel/framework/src/Illuminate/Container/Util.php(43): Illuminate/Container/BoundMethod::{closure:Illuminate/Container/BoundMethod::call():35}()
#22 C:/Users/Nakata/Documents/Proyek 3/praktikum_modul_3_251511009_nakata/Modul3/activity-manager/vendor/laravel/framework/src/Illuminate/Container/BoundMethod.php(96): Illuminate/Container/Util::unwrapIfClosure(Object(Closure))
#23 C:/Users/Nakata/Documents/Proyek 3/praktikum_modul_3_251511009_nakata/Modul3/activity-manager/vendor/laravel/framework/src/Illuminate/Container/BoundMethod.php(35): Illuminate/Container/BoundMethod::callBoundMethod(Object(Illuminate/Foundation/Application), Array, Object(Closure))
#24 C:/Users/Nakata/Documents/Proyek 3/praktikum_modul_3_251511009_nakata/Modul3/activity-manager/vendor/laravel/framework/src/Illuminate/Container/Container.php(803): Illuminate/Container/BoundMethod::call(Object(Illuminate/Foundation/Application), Array, Array, NULL)
#25 C:/Users/Nakata/Documents/Proyek 3/praktikum_modul_3_251511009_nakata/Modul3/activity-manager/vendor/laravel/framework/src/Illuminate/Console/Command.php(292): Illuminate/Container/Container->call(Array)
#26 C:/Users/Nakata/Documents/Proyek 3/praktikum_modul_3_251511009_nakata/Modul3/activity-manager/vendor/symfony/console/Command/Command.php(341): Illuminate/Console/Command->execute(Object(Symfony/Component/Console/Input/ArgvInput), Object(Illuminate/Console/OutputStyle))
#27 C:/Users/Nakata/Documents/Proyek 3/praktikum_modul_3_251511009_nakata/Modul3/activity-manager/vendor/laravel/framework/src/Illuminate/Console/Command.php(261): Symfony/Component/Console/Command/Command->run(Object(Symfony/Component/Console/Input/ArgvInput), Object(Illuminate/Console/OutputStyle))
#28 C:/Users/Nakata/Documents/Proyek 3/praktikum_modul_3_251511009_nakata/Modul3/activity-manager/vendor/symfony/console/Application.php(1117): Illuminate/Console/Command->run(Object(Symfony/Component/Console/Input/ArgvInput), Object(Symfony/Component/Console/Output/ConsoleOutput))
#29 C:/Users/Nakata/Documents/Proyek 3/praktikum_modul_3_251511009_nakata/Modul3/activity-manager/vendor/symfony/console/Application.php(356): Symfony/Component/Console/Application->doRunCommand(Object(Illuminate/Database/Console/Migrations/MigrateCommand), Object(Symfony/Component/Console/Input/ArgvInput), Object(Symfony/Component/Console/Output/ConsoleOutput))
#30 C:/Users/Nakata/Documents/Proyek 3/praktikum_modul_3_251511009_nakata/Modul3/activity-manager/vendor/symfony/console/Application.php(195): Symfony/Component/Console/Application->doRun(Object(Symfony/Component/Console/Input/ArgvInput), Object(Symfony/Component/Console/Output/ConsoleOutput))
#31 C:/Users/Nakata/Documents/Proyek 3/praktikum_modul_3_251511009_nakata/Modul3/activity-manager/vendor/laravel/framework/src/Illuminate/Foundation/Console/Kernel.php(198): Symfony/Component/Console/Application->run(Object(Symfony/Component/Console/Input/ArgvInput), Object(Symfony/Component/Console/Output/ConsoleOutput))
#32 C:/Users/Nakata/Documents/Proyek 3/praktikum_modul_3_251511009_nakata/Modul3/activity-manager/vendor/laravel/framework/src/Illuminate/Foundation/Application.php(1242): Illuminate/Foundation/Console/Kernel->handle(Object(Symfony/Component/Console/Input/ArgvInput), Object(Symfony/Component/Console/Output/ConsoleOutput))
#33 C:/Users/Nakata/Documents/Proyek 3/praktikum_modul_3_251511009_nakata/Modul3/activity-manager/artisan(16): Illuminate/Foundation/Application->handleCommand(Object(Symfony/Component/Console/Input/ArgvInput))
#34 {main}

[previous exception] [object] (PDOException(code: HY000): SQLSTATE[HY000]: General error: 1 table \"activities\" already exists at C:/Users/Nakata/Documents/Proyek 3/praktikum_modul_3_251511009_nakata/Modul3/activity-manager/vendor/laravel/framework/src/Illuminate/Database/Connection.php:595)
[stacktrace]
#0 C:/Users/Nakata/Documents/Proyek 3/praktikum_modul_3_251511009_nakata/Modul3/activity-manager/vendor/laravel/framework/src/Illuminate/Database/Connection.php(595): PDO->prepare('create table \"a...')
#1 C:/Users/Nakata/Documents/Proyek 3/praktikum_modul_3_251511009_nakata/Modul3/activity-manager/vendor/laravel/framework/src/Illuminate/Database/Connection.php(846): Illuminate/Database/Connection->{closure:Illuminate/Database/Connection::statement():590}('create table \"a...', Array)
#2 C:/Users/Nakata/Documents/Proyek 3/praktikum_modul_3_251511009_nakata/Modul3/activity-manager/vendor/laravel/framework/src/Illuminate/Database/Connection.php(813): Illuminate/Database/Connection->runQueryCallback('create table \"a...', Array, Object(Closure))
#3 C:/Users/Nakata/Documents/Proyek 3/praktikum_modul_3_251511009_nakata/Modul3/activity-manager/vendor/laravel/framework/src/Illuminate/Database/Connection.php(590): Illuminate/Database/Connection->run('create table \"a...', Array, Object(Closure))
#4 C:/Users/Nakata/Documents/Proyek 3/praktikum_modul_3_251511009_nakata/Modul3/activity-manager/vendor/laravel/framework/src/Illuminate/Database/Schema/Blueprint.php(122): Illuminate/Database/Connection->statement('create table \"a...')
#5 C:/Users/Nakata/Documents/Proyek 3/praktikum_modul_3_251511009_nakata/Modul3/activity-manager/vendor/laravel/framework/src/Illuminate/Database/Schema/Builder.php(704): Illuminate/Database/Schema/Blueprint->build()
#6 C:/Users/Nakata/Documents/Proyek 3/praktikum_modul_3_251511009_nakata/Modul3/activity-manager/vendor/laravel/framework/src/Illuminate/Database/Schema/Builder.php(522): Illuminate/Database/Schema/Builder->build(Object(Illuminate/Database/Schema/Blueprint))
#7 C:/Users/Nakata/Documents/Proyek 3/praktikum_modul_3_251511009_nakata/Modul3/activity-manager/vendor/laravel/framework/src/Illuminate/Support/Facades/Facade.php(364): Illuminate/Database/Schema/Builder->create('activities', Object(Closure))
#8 C:/Users/Nakata/Documents/Proyek 3/praktikum_modul_3_251511009_nakata/Modul3/activity-manager/database/migrations/2026_09_24_113625_create_activities_table.php(14): Illuminate/Support/Facades/Facade::__callStatic('create', Array)
#9 C:/Users/Nakata/Documents/Proyek 3/praktikum_modul_3_251511009_nakata/Modul3/activity-manager/vendor/laravel/framework/src/Illuminate/Database/Migrations/Migrator.php(517): Illuminate/Database/Migrations/Migration@anonymous->up()
#10 C:/Users/Nakata/Documents/Proyek 3/praktikum_modul_3_251511009_nakata/Modul3/activity-manager/vendor/laravel/framework/src/Illuminate/Database/Migrations/Migrator.php(442): Illuminate/Database/Migrations/Migrator->runMethod(Object(Illuminate/Database/SQLiteConnection), Object(Illuminate/Database/Migrations/Migration@anonymous), 'up')
#11 C:/Users/Nakata/Documents/Proyek 3/praktikum_modul_3_251511009_nakata/Modul3/activity-manager/vendor/laravel/framework/src/Illuminate/Database/Migrations/Migrator.php(451): Illuminate/Database/Migrations/Migrator->{closure:Illuminate/Database/Migrations/Migrator::runMigration():438}()
#12 C:/Users/Nakata/Documents/Proyek 3/praktikum_modul_3_251511009_nakata/Modul3/activity-manager/vendor/laravel/framework/src/Illuminate/Database/Migrations/Migrator.php(253): Illuminate/Database/Migrations/Migrator->runMigration(Object(Illuminate/Database/Migrations/Migration@anonymous), 'up', '2026_09_24_1136...')
#13 C:/Users/Nakata/Documents/Proyek 3/praktikum_modul_3_251511009_nakata/Modul3/activity-manager/vendor/laravel/framework/src/Illuminate/Console/View/Components/Task.php(43): Illuminate/Database/Migrations/Migrator->{closure:Illuminate/Database/Migrations/Migrator::runUp():253}()
#14 C:/Users/Nakata/Documents/Proyek 3/praktikum_modul_3_251511009_nakata/Modul3/activity-manager/vendor/laravel/framework/src/Illuminate/Database/Migrations/Migrator.php(853): Illuminate/Console/View/Components/Task->render('2026_09_24_1136...', Object(Closure))
#15 C:/Users/Nakata/Documents/Proyek 3/praktikum_modul_3_251511009_nakata/Modul3/activity-manager/vendor/laravel/framework/src/Illuminate/Database/Migrations/Migrator.php(253): Illuminate/Database/Migrations/Migrator->write('Illuminate//Cons...', '2026_09_24_1136...', Object(Closure))
#16 C:/Users/Nakata/Documents/Proyek 3/praktikum_modul_3_251511009_nakata/Modul3/activity-manager/vendor/laravel/framework/src/Illuminate/Database/Migrations/Migrator.php(211): Illuminate/Database/Migrations/Migrator->runUp('C://Users//Nakata...', 3, false)
#17 C:/Users/Nakata/Documents/Proyek 3/praktikum_modul_3_251511009_nakata/Modul3/activity-manager/vendor/laravel/framework/src/Illuminate/Database/Migrations/Migrator.php(138): Illuminate/Database/Migrations/Migrator->runPending(Array, Array)
#18 C:/Users/Nakata/Documents/Proyek 3/praktikum_modul_3_251511009_nakata/Modul3/activity-manager/vendor/laravel/framework/src/Illuminate/Database/Console/Migrations/MigrateCommand.php(118): Illuminate/Database/Migrations/Migrator->run(Array, Array)
#19 C:/Users/Nakata/Documents/Proyek 3/praktikum_modul_3_251511009_nakata/Modul3/activity-manager/vendor/laravel/framework/src/Illuminate/Database/Migrations/Migrator.php(672): Illuminate/Database/Console/Migrations/MigrateCommand->{closure:Illuminate/Database/Console/Migrations/MigrateCommand::runMigrations():111}()
#20 C:/Users/Nakata/Documents/Proyek 3/praktikum_modul_3_251511009_nakata/Modul3/activity-manager/vendor/laravel/framework/src/Illuminate/Database/Console/Migrations/MigrateCommand.php(111): Illuminate/Database/Migrations/Migrator->usingConnection(NULL, Object(Closure))
#21 C:/Users/Nakata/Documents/Proyek 3/praktikum_modul_3_251511009_nakata/Modul3/activity-manager/vendor/laravel/framework/src/Illuminate/Database/Console/Migrations/MigrateCommand.php(90): Illuminate/Database/Console/Migrations/MigrateCommand->runMigrations()
#22 C:/Users/Nakata/Documents/Proyek 3/praktikum_modul_3_251511009_nakata/Modul3/activity-manager/vendor/laravel/framework/src/Illuminate/Container/BoundMethod.php(36): Illuminate/Database/Console/Migrations/MigrateCommand->handle()
#23 C:/Users/Nakata/Documents/Proyek 3/praktikum_modul_3_251511009_nakata/Modul3/activity-manager/vendor/laravel/framework/src/Illuminate/Container/Util.php(43): Illuminate/Container/BoundMethod::{closure:Illuminate/Container/BoundMethod::call():35}()
#24 C:/Users/Nakata/Documents/Proyek 3/praktikum_modul_3_251511009_nakata/Modul3/activity-manager/vendor/laravel/framework/src/Illuminate/Container/BoundMethod.php(96): Illuminate/Container/Util::unwrapIfClosure(Object(Closure))
#25 C:/Users/Nakata/Documents/Proyek 3/praktikum_modul_3_251511009_nakata/Modul3/activity-manager/vendor/laravel/framework/src/Illuminate/Container/BoundMethod.php(35): Illuminate/Container/BoundMethod::callBoundMethod(Object(Illuminate/Foundation/Application), Array, Object(Closure))
#26 C:/Users/Nakata/Documents/Proyek 3/praktikum_modul_3_251511009_nakata/Modul3/activity-manager/vendor/laravel/framework/src/Illuminate/Container/Container.php(803): Illuminate/Container/BoundMethod::call(Object(Illuminate/Foundation/Application), Array, Array, NULL)
#27 C:/Users/Nakata/Documents/Proyek 3/praktikum_modul_3_251511009_nakata/Modul3/activity-manager/vendor/laravel/framework/src/Illuminate/Console/Command.php(292): Illuminate/Container/Container->call(Array)
#28 C:/Users/Nakata/Documents/Proyek 3/praktikum_modul_3_251511009_nakata/Modul3/activity-manager/vendor/symfony/console/Command/Command.php(341): Illuminate/Console/Command->execute(Object(Symfony/Component/Console/Input/ArgvInput), Object(Illuminate/Console/OutputStyle))
#29 C:/Users/Nakata/Documents/Proyek 3/praktikum_modul_3_251511009_nakata/Modul3/activity-manager/vendor/laravel/framework/src/Illuminate/Console/Command.php(261): Symfony/Component/Console/Command/Command->run(Object(Symfony/Component/Console/Input/ArgvInput), Object(Illuminate/Console/OutputStyle))
#30 C:/Users/Nakata/Documents/Proyek 3/praktikum_modul_3_251511009_nakata/Modul3/activity-manager/vendor/symfony/console/Application.php(1117): Illuminate/Console/Command->run(Object(Symfony/Component/Console/Input/ArgvInput), Object(Symfony/Component/Console/Output/ConsoleOutput))
#31 C:/Users/Nakata/Documents/Proyek 3/praktikum_modul_3_251511009_nakata/Modul3/activity-manager/vendor/symfony/console/Application.php(356): Symfony/Component/Console/Application->doRunCommand(Object(Illuminate/Database/Console/Migrations/MigrateCommand), Object(Symfony/Component/Console/Input/ArgvInput), Object(Symfony/Component/Console/Output/ConsoleOutput))
#32 C:/Users/Nakata/Documents/Proyek 3/praktikum_modul_3_251511009_nakata/Modul3/activity-manager/vendor/symfony/console/Application.php(195): Symfony/Component/Console/Application->doRun(Object(Symfony/Component/Console/Input/ArgvInput), Object(Symfony/Component/Console/Output/ConsoleOutput))
#33 C:/Users/Nakata/Documents/Proyek 3/praktikum_modul_3_251511009_nakata/Modul3/activity-manager/vendor/laravel/framework/src/Illuminate/Foundation/Console/Kernel.php(198): Symfony/Component/Console/Application->run(Object(Symfony/Component/Console/Input/ArgvInput), Object(Symfony/Component/Console/Output/ConsoleOutput))
#34 C:/Users/Nakata/Documents/Proyek 3/praktikum_modul_3_251511009_nakata/Modul3/activity-manager/vendor/laravel/framework/src/Illuminate/Foundation/Application.php(1242): Illuminate/Foundation/Console/Kernel->handle(Object(Symfony/Component/Console/Input/ArgvInput), Object(Symfony/Component/Console/Output/ConsoleOutput))
#35 C:/Users/Nakata/Documents/Proyek 3/praktikum_modul_3_251511009_nakata/Modul3/activity-manager/artisan(16): Illuminate/Foundation/Application->handleCommand(Object(Symfony/Component/Console/Input/ArgvInput))
#36 {main}
"} 
[2026-09-25 13:52:30] local.ERROR: Vite manifest not found at: C:\Users\Nakata\Documents\Proyek 3\praktikum_modul_3_251511009_nakata\Modul3\activity-manager\public\build/manifest.json (View: C:\Users\Nakata\Documents\Proyek 3\praktikum_modul_3_251511009_nakata\Modul3\activity-manager\resources\views\layouts\app.blade.php) (View: C:\Users\Nakata\Documents\Proyek 3\praktikum_modul_3_251511009_nakata\Modul3\activity-manager\resources\views\layouts\app.blade.php) {"exception":"[object] (Illuminate\\View\\ViewException(code: 0): Vite manifest not found at: C:\\Users\\Nakata\\Documents\\Proyek 3\\praktikum_modul_3_251511009_nakata\\Modul3\\activity-manager\\public\\build/manifest.json (View: C:\\Users\\Nakata\\Documents\\Proyek 3\\praktikum_modul_3_251511009_nakata\\Modul3\\activity-manager\\resources\\views\\layouts\\app.blade.php) (View: C:\\Users\\Nakata\\Documents\\Proyek 3\\praktikum_modul_3_251511009_nakata\\Modul3\\activity-manager\\resources\\views\\layouts\\app.blade.php) at C:/Users/Nakata/Documents/Proyek 3/praktikum_modul_3_251511009_nakata/Modul3/activity-manager/vendor/laravel/framework/src/Illuminate/Foundation/Vite.php:974)
[stacktrace]
#0 C:/Users/Nakata/Documents/Proyek 3/praktikum_modul_3_251511009_nakata/Modul3/activity-manager/vendor/laravel/framework/src/Illuminate/View/Engines/PhpEngine.php(59): Illuminate/View/Engines/CompilerEngine->handleViewException(Object(Illuminate/View/ViewException), 0)
#1 C:/Users/Nakata/Documents/Proyek 3/praktikum_modul_3_251511009_nakata/Modul3/activity-manager/vendor/laravel/framework/src/Illuminate/View/Engines/CompilerEngine.php(76): Illuminate/View/Engines/PhpEngine->evaluatePath('C://Users//Nakata...', Array)
#2 C:/Users/Nakata/Documents/Proyek 3/praktikum_modul_3_251511009_nakata/Modul3/activity-manager/vendor/laravel/framework/src/Illuminate/View/View.php(208): Illuminate/View/Engines/CompilerEngine->get('C://Users//Nakata...', Array)
#3 C:/Users/Nakata/Documents/Proyek 3/praktikum_modul_3_251511009_nakata/Modul3/activity-manager/vendor/laravel/framework/src/Illuminate/View/View.php(191): Illuminate/View/View->getContents()
#4 C:/Users/Nakata/Documents/Proyek 3/praktikum_modul_3_251511009_nakata/Modul3/activity-manager/vendor/laravel/framework/src/Illuminate/View/View.php(160): Illuminate/View/View->renderContents()
#5 C:/Users/Nakata/Documents/Proyek 3/praktikum_modul_3_251511009_nakata/Modul3/activity-manager/vendor/laravel/framework/src/Illuminate/Http/Response.php(82): Illuminate/View/View->render()
#6 C:/Users/Nakata/Documents/Proyek 3/praktikum_modul_3_251511009_nakata/Modul3/activity-manager/vendor/laravel/framework/src/Illuminate/Http/Response.php(40): Illuminate/Http/Response->setContent(Object(Illuminate/View/View))
#7 C:/Users/Nakata/Documents/Proyek 3/praktikum_modul_3_251511009_nakata/Modul3/activity-manager/vendor/laravel/framework/src/Illuminate/Routing/Router.php(939): Illuminate/Http/Response->__construct(Object(Illuminate/View/View), 200, Array)
#8 C:/Users/Nakata/Documents/Proyek 3/praktikum_modul_3_251511009_nakata/Modul3/activity-manager/vendor/laravel/framework/src/Illuminate/Routing/Router.php(906): Illuminate/Routing/Router::toResponse(Object(Illuminate/Http/Request), Object(Illuminate/View/View))
#9 C:/Users/Nakata/Documents/Proyek 3/praktikum_modul_3_251511009_nakata/Modul3/activity-manager/vendor/laravel/framework/src/Illuminate/Routing/Router.php(821): Illuminate/Routing/Router->prepareResponse(Object(Illuminate/Http/Request), Object(Illuminate/View/View))
#10 C:/Users/Nakata/Documents/Proyek 3/praktikum_modul_3_251511009_nakata/Modul3/activity-manager/vendor/laravel/framework/src/Illuminate/Pipeline/Pipeline.php(180): Illuminate/Routing/Router->{closure:Illuminate/Routing/Router::runRouteWithinStack():821}(Object(Illuminate/Http/Request))
#11 C:/Users/Nakata/Documents/Proyek 3/praktikum_modul_3_251511009_nakata/Modul3/activity-manager/vendor/laravel/framework/src/Illuminate/Routing/Middleware/SubstituteBindings.php(52): Illuminate/Pipeline/Pipeline->{closure:Illuminate/Pipeline/Pipeline::prepareDestination():178}(Object(Illuminate/Http/Request))
#12 C:/Users/Nakata/Documents/Proyek 3/praktikum_modul_3_251511009_nakata/Modul3/activity-manager/vendor/laravel/framework/src/Illuminate/Pipeline/Pipeline.php(219): Illuminate/Routing/Middleware/SubstituteBindings->handle(Object(Illuminate/Http/Request), Object(Closure))
#13 C:/Users/Nakata/Documents/Proyek 3/praktikum_modul_3_251511009_nakata/Modul3/activity-manager/vendor/laravel/framework/src/Illuminate/Foundation/Http/Middleware/PreventRequestForgery.php(104): Illuminate/Pipeline/Pipeline->{closure:{closure:Illuminate/Pipeline/Pipeline::carry():194}:195}(Object(Illuminate/Http/Request))
#14 C:/Users/Nakata/Documents/Proyek 3/praktikum_modul_3_251511009_nakata/Modul3/activity-manager/vendor/laravel/framework/src/Illuminate/Pipeline/Pipeline.php(219): Illuminate/Foundation/Http/Middleware/PreventRequestForgery->handle(Object(Illuminate/Http/Request), Object(Closure))
#15 C:/Users/Nakata/Documents/Proyek 3/praktikum_modul_3_251511009_nakata/Modul3/activity-manager/vendor/laravel/framework/src/Illuminate/View/Middleware/ShareErrorsFromSession.php(48): Illuminate/Pipeline/Pipeline->{closure:{closure:Illuminate/Pipeline/Pipeline::carry():194}:195}(Object(Illuminate/Http/Request))
#16 C:/Users/Nakata/Documents/Proyek 3/praktikum_modul_3_251511009_nakata/Modul3/activity-manager/vendor/laravel/framework/src/Illuminate/Pipeline/Pipeline.php(219): Illuminate/View/Middleware/ShareErrorsFromSession->handle(Object(Illuminate/Http/Request), Object(Closure))
#17 C:/Users/Nakata/Documents/Proyek 3/praktikum_modul_3_251511009_nakata/Modul3/activity-manager/vendor/laravel/framework/src/Illuminate/Session/Middleware/StartSession.php(120): Illuminate/Pipeline/Pipeline->{closure:{closure:Illuminate/Pipeline/Pipeline::carry():194}:195}(Object(Illuminate/Http/Request))
#18 C:/Users/Nakata/Documents/Proyek 3/praktikum_modul_3_251511009_nakata/Modul3/activity-manager/vendor/laravel/framework/src/Illuminate/Session/Middleware/StartSession.php(63): Illuminate/Session/Middleware/StartSession->handleStatefulRequest(Object(Illuminate/Http/Request), Object(Illuminate/Session/Store), Object(Closure))
#19 C:/Users/Nakata/Documents/Proyek 3/praktikum_modul_3_251511009_nakata/Modul3/activity-manager/vendor/laravel/framework/src/Illuminate/Pipeline/Pipeline.php(219): Illuminate/Session/Middleware/StartSession->handle(Object(Illuminate/Http/Request), Object(Closure))
#20 C:/Users/Nakata/Documents/Proyek 3/praktikum_modul_3_251511009_nakata/Modul3/activity-manager/vendor/laravel/framework/src/Illuminate/Cookie/Middleware/AddQueuedCookiesToResponse.php(36): Illuminate/Pipeline/Pipeline->{closure:{closure:Illuminate/Pipeline/Pipeline::carry():194}:195}(Object(Illuminate/Http/Request))
#21 C:/Users/Nakata/Documents/Proyek 3/praktikum_modul_3_251511009_nakata/Modul3/activity-manager/vendor/laravel/framework/src/Illuminate/Pipeline/Pipeline.php(219): Illuminate/Cookie/Middleware/AddQueuedCookiesToResponse->handle(Object(Illuminate/Http/Request), Object(Closure))
#22 C:/Users/Nakata/Documents/Proyek 3/praktikum_modul_3_251511009_nakata/Modul3/activity-manager/vendor/laravel/framework/src/Illuminate/Cookie/Middleware/EncryptCookies.php(74): Illuminate/Pipeline/Pipeline->{closure:{closure:Illuminate/Pipeline/Pipeline::carry():194}:195}(Object(Illuminate/Http/Request))
#23 C:/Users/Nakata/Documents/Proyek 3/praktikum_modul_3_251511009_nakata/Modul3/activity-manager/vendor/laravel/framework/src/Illuminate/Pipeline/Pipeline.php(219): Illuminate/Cookie/Middleware/EncryptCookies->handle(Object(Illuminate/Http/Request), Object(Closure))
#24 C:/Users/Nakata/Documents/Proyek 3/praktikum_modul_3_251511009_nakata/Modul3/activity-manager/vendor/laravel/framework/src/Illuminate/Pipeline/Pipeline.php(137): Illuminate/Pipeline/Pipeline->{closure:{closure:Illuminate/Pipeline/Pipeline::carry():194}:195}(Object(Illuminate/Http/Request))
#25 C:/Users/Nakata/Documents/Proyek 3/praktikum_modul_3_251511009_nakata/Modul3/activity-manager/vendor/laravel/framework/src/Illuminate/Routing/Router.php(821): Illuminate/Pipeline/Pipeline->then(Object(Closure))
#26 C:/Users/Nakata/Documents/Proyek 3/praktikum_modul_3_251511009_nakata/Modul3/activity-manager/vendor/laravel/framework/src/Illuminate/Routing/Router.php(800): Illuminate/Routing/Router->runRouteWithinStack(Object(Illuminate/Routing/Route), Object(Illuminate/Http/Request))
#27 C:/Users/Nakata/Documents/Proyek 3/praktikum_modul_3_251511009_nakata/Modul3/activity-manager/vendor/laravel/framework/src/Illuminate/Routing/Router.php(764): Illuminate/Routing/Router->runRoute(Object(Illuminate/Http/Request), Object(Illuminate/Routing/Route))
#28 C:/Users/Nakata/Documents/Proyek 3/praktikum_modul_3_251511009_nakata/Modul3/activity-manager/vendor/laravel/framework/src/Illuminate/Routing/Router.php(753): Illuminate/Routing/Router->dispatchToRoute(Object(Illuminate/Http/Request))
#29 C:/Users/Nakata/Documents/Proyek 3/praktikum_modul_3_251511009_nakata/Modul3/activity-manager/vendor/laravel/framework/src/Illuminate/Foundation/Http/Kernel.php(200): Illuminate/Routing/Router->dispatch(Object(Illuminate/Http/Request))
#30 C:/Users/Nakata/Documents/Proyek 3/praktikum_modul_3_251511009_nakata/Modul3/activity-manager/vendor/laravel/framework/src/Illuminate/Pipeline/Pipeline.php(180): Illuminate/Foundation/Http/Kernel->{closure:Illuminate/Foundation/Http/Kernel::dispatchToRouter():197}(Object(Illuminate/Http/Request))
#31 C:/Users/Nakata/Documents/Proyek 3/praktikum_modul_3_251511009_nakata/Modul3/activity-manager/vendor/laravel/framework/src/Illuminate/Foundation/Http/Middleware/TransformsRequest.php(21): Illuminate/Pipeline/Pipeline->{closure:Illuminate/Pipeline/Pipeline::prepareDestination():178}(Object(Illuminate/Http/Request))
#32 C:/Users/Nakata/Documents/Proyek 3/praktikum_modul_3_251511009_nakata/Modul3/activity-manager/vendor/laravel/framework/src/Illuminate/Foundation/Http/Middleware/ConvertEmptyStringsToNull.php(31): Illuminate/Foundation/Http/Middleware/TransformsRequest->handle(Object(Illuminate/Http/Request), Object(Closure))
#33 C:/Users/Nakata/Documents/Proyek 3/praktikum_modul_3_251511009_nakata/Modul3/activity-manager/vendor/laravel/framework/src/Illuminate/Pipeline/Pipeline.php(219): Illuminate/Foundation/Http/Middleware/ConvertEmptyStringsToNull->handle(Object(Illuminate/Http/Request), Object(Closure))
#34 C:/Users/Nakata/Documents/Proyek 3/praktikum_modul_3_251511009_nakata/Modul3/activity-manager/vendor/laravel/framework/src/Illuminate/Foundation/Http/Middleware/TransformsRequest.php(21): Illuminate/Pipeline/Pipeline->{closure:{closure:Illuminate/Pipeline/Pipeline::carry():194}:195}(Object(Illuminate/Http/Request))
#35 C:/Users/Nakata/Documents/Proyek 3/praktikum_modul_3_251511009_nakata/Modul3/activity-manager/vendor/laravel/framework/src/Illuminate/Foundation/Http/Middleware/TrimStrings.php(51): Illuminate/Foundation/Http/Middleware/TransformsRequest->handle(Object(Illuminate/Http/Request), Object(Closure))
#36 C:/Users/Nakata/Documents/Proyek 3/praktikum_modul_3_251511009_nakata/Modul3/activity-manager/vendor/laravel/framework/src/Illuminate/Pipeline/Pipeline.php(219): Illuminate/Foundation/Http/Middleware/TrimStrings->handle(Object(Illuminate/Http/Request), Object(Closure))
#37 C:/Users/Nakata/Documents/Proyek 3/praktikum_modul_3_251511009_nakata/Modul3/activity-manager/vendor/laravel/framework/src/Illuminate/Http/Middleware/ValidatePostSize.php(27): Illuminate/Pipeline/Pipeline->{closure:{closure:Illuminate/Pipeline/Pipeline::carry():194}:195}(Object(Illuminate/Http/Request))
#38 C:/Users/Nakata/Documents/Proyek 3/praktikum_modul_3_251511009_nakata/Modul3/activity-manager/vendor/laravel/framework/src/Illuminate/Pipeline/Pipeline.php(219): Illuminate/Http/Middleware/ValidatePostSize->handle(Object(Illuminate/Http/Request), Object(Closure))
#39 C:/Users/Nakata/Documents/Proyek 3/praktikum_modul_3_251511009_nakata/Modul3/activity-manager/vendor/laravel/framework/src/Illuminate/Foundation/Http/Middleware/PreventRequestsDuringMaintenance.php(110): Illuminate/Pipeline/Pipeline->{closure:{closure:Illuminate/Pipeline/Pipeline::carry():194}:195}(Object(Illuminate/Http/Request))
#40 C:/Users/Nakata/Documents/Proyek 3/praktikum_modul_3_251511009_nakata/Modul3/activity-manager/vendor/laravel/framework/src/Illuminate/Pipeline/Pipeline.php(219): Illuminate/Foundation/Http/Middleware/PreventRequestsDuringMaintenance->handle(Object(Illuminate/Http/Request), Object(Closure))
#41 C:/Users/Nakata/Documents/Proyek 3/praktikum_modul_3_251511009_nakata/Modul3/activity-manager/vendor/laravel/framework/src/Illuminate/Http/Middleware/HandleCors.php(61): Illuminate/Pipeline/Pipeline->{closure:{closure:Illuminate/Pipeline/Pipeline::carry():194}:195}(Object(Illuminate/Http/Request))
#42 C:/Users/Nakata/Documents/Proyek 3/praktikum_modul_3_251511009_nakata/Modul3/activity-manager/vendor/laravel/framework/src/Illuminate/Pipeline/Pipeline.php(219): Illuminate/Http/Middleware/HandleCors->handle(Object(Illuminate/Http/Request), Object(Closure))
#43 C:/Users/Nakata/Documents/Proyek 3/praktikum_modul_3_251511009_nakata/Modul3/activity-manager/vendor/laravel/framework/src/Illuminate/Http/Middleware/TrustProxies.php(58): Illuminate/Pipeline/Pipeline->{closure:{closure:Illuminate/Pipeline/Pipeline::carry():194}:195}(Object(Illuminate/Http/Request))
#44 C:/Users/Nakata/Documents/Proyek 3/praktikum_modul_3_251511009_nakata/Modul3/activity-manager/vendor/laravel/framework/src/Illuminate/Pipeline/Pipeline.php(219): Illuminate/Http/Middleware/TrustProxies->handle(Object(Illuminate/Http/Request), Object(Closure))
#45 C:/Users/Nakata/Documents/Proyek 3/praktikum_modul_3_251511009_nakata/Modul3/activity-manager/vendor/laravel/framework/src/Illuminate/Foundation/Http/Middleware/InvokeDeferredCallbacks.php(22): Illuminate/Pipeline/Pipeline->{closure:{closure:Illuminate/Pipeline/Pipeline::carry():194}:195}(Object(Illuminate/Http/Request))
#46 C:/Users/Nakata/Documents/Proyek 3/praktikum_modul_3_251511009_nakata/Modul3/activity-manager/vendor/laravel/framework/src/Illuminate/Pipeline/Pipeline.php(219): Illuminate/Foundation/Http/Middleware/InvokeDeferredCallbacks->handle(Object(Illuminate/Http/Request), Object(Closure))
#47 C:/Users/Nakata/Documents/Proyek 3/praktikum_modul_3_251511009_nakata/Modul3/activity-manager/vendor/laravel/framework/src/Illuminate/Http/Middleware/ValidatePathEncoding.php(28): Illuminate/Pipeline/Pipeline->{closure:{closure:Illuminate/Pipeline/Pipeline::carry():194}:195}(Object(Illuminate/Http/Request))
#48 C:/Users/Nakata/Documents/Proyek 3/praktikum_modul_3_251511009_nakata/Modul3/activity-manager/vendor/laravel/framework/src/Illuminate/Pipeline/Pipeline.php(219): Illuminate/Http/Middleware/ValidatePathEncoding->handle(Object(Illuminate/Http/Request), Object(Closure))
#49 C:/Users/Nakata/Documents/Proyek 3/praktikum_modul_3_251511009_nakata/Modul3/activity-manager/vendor/laravel/framework/src/Illuminate/Pipeline/Pipeline.php(137): Illuminate/Pipeline/Pipeline->{closure:{closure:Illuminate/Pipeline/Pipeline::carry():194}:195}(Object(Illuminate/Http/Request))
#50 C:/Users/Nakata/Documents/Proyek 3/praktikum_modul_3_251511009_nakata/Modul3/activity-manager/vendor/laravel/framework/src/Illuminate/Foundation/Http/Kernel.php(175): Illuminate/Pipeline/Pipeline->then(Object(Closure))
#51 C:/Users/Nakata/Documents/Proyek 3/praktikum_modul_3_251511009_nakata/Modul3/activity-manager/vendor/laravel/framework/src/Illuminate/Foundation/Http/Kernel.php(144): Illuminate/Foundation/Http/Kernel->sendRequestThroughRouter(Object(Illuminate/Http/Request))
#52 C:/Users/Nakata/Documents/Proyek 3/praktikum_modul_3_251511009_nakata/Modul3/activity-manager/vendor/laravel/framework/src/Illuminate/Foundation/Application.php(1227): Illuminate/Foundation/Http/Kernel->handle(Object(Illuminate/Http/Request))
#53 C:/Users/Nakata/Documents/Proyek 3/praktikum_modul_3_251511009_nakata/Modul3/activity-manager/public/index.php(20): Illuminate/Foundation/Application->handleRequest(Object(Illuminate/Http/Request))
#54 C:/Users/Nakata/Documents/Proyek 3/praktikum_modul_3_251511009_nakata/Modul3/activity-manager/vendor/laravel/framework/src/Illuminate/Foundation/resources/server.php(23): require_once('C://Users//Nakata...')
#55 {main}

[previous exception] [object] (Illuminate\\View\\ViewException(code: 0): Vite manifest not found at: C:\\Users\\Nakata\\Documents\\Proyek 3\\praktikum_modul_3_251511009_nakata\\Modul3\\activity-manager\\public\\build/manifest.json (View: C:\\Users\\Nakata\\Documents\\Proyek 3\\praktikum_modul_3_251511009_nakata\\Modul3\\activity-manager\\resources\\views\\layouts\\app.blade.php) at C:/Users/Nakata/Documents/Proyek 3/praktikum_modul_3_251511009_nakata/Modul3/activity-manager/vendor/laravel/framework/src/Illuminate/Foundation/Vite.php:974)
[stacktrace]
#0 C:/Users/Nakata/Documents/Proyek 3/praktikum_modul_3_251511009_nakata/Modul3/activity-manager/vendor/laravel/framework/src/Illuminate/View/Engines/PhpEngine.php(59): Illuminate/View/Engines/CompilerEngine->handleViewException(Object(Illuminate/Foundation/ViteManifestNotFoundException), 1)
#1 C:/Users/Nakata/Documents/Proyek 3/praktikum_modul_3_251511009_nakata/Modul3/activity-manager/vendor/laravel/framework/src/Illuminate/View/Engines/CompilerEngine.php(76): Illuminate/View/Engines/PhpEngine->evaluatePath('C://Users//Nakata...', Array)
#2 C:/Users/Nakata/Documents/Proyek 3/praktikum_modul_3_251511009_nakata/Modul3/activity-manager/vendor/laravel/framework/src/Illuminate/View/View.php(208): Illuminate/View/Engines/CompilerEngine->get('C://Users//Nakata...', Array)
#3 C:/Users/Nakata/Documents/Proyek 3/praktikum_modul_3_251511009_nakata/Modul3/activity-manager/vendor/laravel/framework/src/Illuminate/View/View.php(191): Illuminate/View/View->getContents()
#4 C:/Users/Nakata/Documents/Proyek 3/praktikum_modul_3_251511009_nakata/Modul3/activity-manager/vendor/laravel/framework/src/Illuminate/View/View.php(160): Illuminate/View/View->renderContents()
#5 C:/Users/Nakata/Documents/Proyek 3/praktikum_modul_3_251511009_nakata/Modul3/activity-manager/storage/framework/views/161347b359dc333522c4812a28465cc2.php(25): Illuminate/View/View->render()
#6 C:/Users/Nakata/Documents/Proyek 3/praktikum_modul_3_251511009_nakata/Modul3/activity-manager/vendor/laravel/framework/src/Illuminate/Filesystem/Filesystem.php(123): require('C://Users//Nakata...')
#7 C:/Users/Nakata/Documents/Proyek 3/praktikum_modul_3_251511009_nakata/Modul3/activity-manager/vendor/laravel/framework/src/Illuminate/Filesystem/Filesystem.php(124): Illuminate/Filesystem/Filesystem::{closure:Illuminate/Filesystem/Filesystem::getRequire():120}()
#8 C:/Users/Nakata/Documents/Proyek 3/praktikum_modul_3_251511009_nakata/Modul3/activity-manager/vendor/laravel/framework/src/Illuminate/View/Engines/PhpEngine.php(57): Illuminate/Filesystem/Filesystem->getRequire('C://Users//Nakata...', Array)
#9 C:/Users/Nakata/Documents/Proyek 3/praktikum_modul_3_251511009_nakata/Modul3/activity-manager/vendor/laravel/framework/src/Illuminate/View/Engines/CompilerEngine.php(76): Illuminate/View/Engines/PhpEngine->evaluatePath('C://Users//Nakata...', Array)
#10 C:/Users/Nakata/Documents/Proyek 3/praktikum_modul_3_251511009_nakata/Modul3/activity-manager/vendor/laravel/framework/src/Illuminate/View/View.php(208): Illuminate/View/Engines/CompilerEngine->get('C://Users//Nakata...', Array)
#11 C:/Users/Nakata/Documents/Proyek 3/praktikum_modul_3_251511009_nakata/Modul3/activity-manager/vendor/laravel/framework/src/Illuminate/View/View.php(191): Illuminate/View/View->getContents()
#12 C:/Users/Nakata/Documents/Proyek 3/praktikum_modul_3_251511009_nakata/Modul3/activity-manager/vendor/laravel/framework/src/Illuminate/View/View.php(160): Illuminate/View/View->renderContents()
#13 C:/Users/Nakata/Documents/Proyek 3/praktikum_modul_3_251511009_nakata/Modul3/activity-manager/vendor/laravel/framework/src/Illuminate/Http/Response.php(82): Illuminate/View/View->render()
#14 C:/Users/Nakata/Documents/Proyek 3/praktikum_modul_3_251511009_nakata/Modul3/activity-manager/vendor/laravel/framework/src/Illuminate/Http/Response.php(40): Illuminate/Http/Response->setContent(Object(Illuminate/View/View))
#15 C:/Users/Nakata/Documents/Proyek 3/praktikum_modul_3_251511009_nakata/Modul3/activity-manager/vendor/laravel/framework/src/Illuminate/Routing/Router.php(939): Illuminate/Http/Response->__construct(Object(Illuminate/View/View), 200, Array)
#16 C:/Users/Nakata/Documents/Proyek 3/praktikum_modul_3_251511009_nakata/Modul3/activity-manager/vendor/laravel/framework/src/Illuminate/Routing/Router.php(906): Illuminate/Routing/Router::toResponse(Object(Illuminate/Http/Request), Object(Illuminate/View/View))
#17 C:/Users/Nakata/Documents/Proyek 3/praktikum_modul_3_251511009_nakata/Modul3/activity-manager/vendor/laravel/framework/src/Illuminate/Routing/Router.php(821): Illuminate/Routing/Router->prepareResponse(Object(Illuminate/Http/Request), Object(Illuminate/View/View))
#18 C:/Users/Nakata/Documents/Proyek 3/praktikum_modul_3_251511009_nakata/Modul3/activity-manager/vendor/laravel/framework/src/Illuminate/Pipeline/Pipeline.php(180): Illuminate/Routing/Router->{closure:Illuminate/Routing/Router::runRouteWithinStack():821}(Object(Illuminate/Http/Request))
#19 C:/Users/Nakata/Documents/Proyek 3/praktikum_modul_3_251511009_nakata/Modul3/activity-manager/vendor/laravel/framework/src/Illuminate/Routing/Middleware/SubstituteBindings.php(52): Illuminate/Pipeline/Pipeline->{closure:Illuminate/Pipeline/Pipeline::prepareDestination():178}(Object(Illuminate/Http/Request))
#20 C:/Users/Nakata/Documents/Proyek 3/praktikum_modul_3_251511009_nakata/Modul3/activity-manager/vendor/laravel/framework/src/Illuminate/Pipeline/Pipeline.php(219): Illuminate/Routing/Middleware/SubstituteBindings->handle(Object(Illuminate/Http/Request), Object(Closure))
#21 C:/Users/Nakata/Documents/Proyek 3/praktikum_modul_3_251511009_nakata/Modul3/activity-manager/vendor/laravel/framework/src/Illuminate/Foundation/Http/Middleware/PreventRequestForgery.php(104): Illuminate/Pipeline/Pipeline->{closure:{closure:Illuminate/Pipeline/Pipeline::carry():194}:195}(Object(Illuminate/Http/Request))
#22 C:/Users/Nakata/Documents/Proyek 3/praktikum_modul_3_251511009_nakata/Modul3/activity-manager/vendor/laravel/framework/src/Illuminate/Pipeline/Pipeline.php(219): Illuminate/Foundation/Http/Middleware/PreventRequestForgery->handle(Object(Illuminate/Http/Request), Object(Closure))
#23 C:/Users/Nakata/Documents/Proyek 3/praktikum_modul_3_251511009_nakata/Modul3/activity-manager/vendor/laravel/framework/src/Illuminate/View/Middleware/ShareErrorsFromSession.php(48): Illuminate/Pipeline/Pipeline->{closure:{closure:Illuminate/Pipeline/Pipeline::carry():194}:195}(Object(Illuminate/Http/Request))
#24 C:/Users/Nakata/Documents/Proyek 3/praktikum_modul_3_251511009_nakata/Modul3/activity-manager/vendor/laravel/framework/src/Illuminate/Pipeline/Pipeline.php(219): Illuminate/View/Middleware/ShareErrorsFromSession->handle(Object(Illuminate/Http/Request), Object(Closure))
#25 C:/Users/Nakata/Documents/Proyek 3/praktikum_modul_3_251511009_nakata/Modul3/activity-manager/vendor/laravel/framework/src/Illuminate/Session/Middleware/StartSession.php(120): Illuminate/Pipeline/Pipeline->{closure:{closure:Illuminate/Pipeline/Pipeline::carry():194}:195}(Object(Illuminate/Http/Request))
#26 C:/Users/Nakata/Documents/Proyek 3/praktikum_modul_3_251511009_nakata/Modul3/activity-manager/vendor/laravel/framework/src/Illuminate/Session/Middleware/StartSession.php(63): Illuminate/Session/Middleware/StartSession->handleStatefulRequest(Object(Illuminate/Http/Request), Object(Illuminate/Session/Store), Object(Closure))
#27 C:/Users/Nakata/Documents/Proyek 3/praktikum_modul_3_251511009_nakata/Modul3/activity-manager/vendor/laravel/framework/src/Illuminate/Pipeline/Pipeline.php(219): Illuminate/Session/Middleware/StartSession->handle(Object(Illuminate/Http/Request), Object(Closure))
#28 C:/Users/Nakata/Documents/Proyek 3/praktikum_modul_3_251511009_nakata/Modul3/activity-manager/vendor/laravel/framework/src/Illuminate/Cookie/Middleware/AddQueuedCookiesToResponse.php(36): Illuminate/Pipeline/Pipeline->{closure:{closure:Illuminate/Pipeline/Pipeline::carry():194}:195}(Object(Illuminate/Http/Request))
#29 C:/Users/Nakata/Documents/Proyek 3/praktikum_modul_3_251511009_nakata/Modul3/activity-manager/vendor/laravel/framework/src/Illuminate/Pipeline/Pipeline.php(219): Illuminate/Cookie/Middleware/AddQueuedCookiesToResponse->handle(Object(Illuminate/Http/Request), Object(Closure))
#30 C:/Users/Nakata/Documents/Proyek 3/praktikum_modul_3_251511009_nakata/Modul3/activity-manager/vendor/laravel/framework/src/Illuminate/Cookie/Middleware/EncryptCookies.php(74): Illuminate/Pipeline/Pipeline->{closure:{closure:Illuminate/Pipeline/Pipeline::carry():194}:195}(Object(Illuminate/Http/Request))
#31 C:/Users/Nakata/Documents/Proyek 3/praktikum_modul_3_251511009_nakata/Modul3/activity-manager/vendor/laravel/framework/src/Illuminate/Pipeline/Pipeline.php(219): Illuminate/Cookie/Middleware/EncryptCookies->handle(Object(Illuminate/Http/Request), Object(Closure))
#32 C:/Users/Nakata/Documents/Proyek 3/praktikum_modul_3_251511009_nakata/Modul3/activity-manager/vendor/laravel/framework/src/Illuminate/Pipeline/Pipeline.php(137): Illuminate/Pipeline/Pipeline->{closure:{closure:Illuminate/Pipeline/Pipeline::carry():194}:195}(Object(Illuminate/Http/Request))
#33 C:/Users/Nakata/Documents/Proyek 3/praktikum_modul_3_251511009_nakata/Modul3/activity-manager/vendor/laravel/framework/src/Illuminate/Routing/Router.php(821): Illuminate/Pipeline/Pipeline->then(Object(Closure))
#34 C:/Users/Nakata/Documents/Proyek 3/praktikum_modul_3_251511009_nakata/Modul3/activity-manager/vendor/laravel/framework/src/Illuminate/Routing/Router.php(800): Illuminate/Routing/Router->runRouteWithinStack(Object(Illuminate/Routing/Route), Object(Illuminate/Http/Request))
#35 C:/Users/Nakata/Documents/Proyek 3/praktikum_modul_3_251511009_nakata/Modul3/activity-manager/vendor/laravel/framework/src/Illuminate/Routing/Router.php(764): Illuminate/Routing/Router->runRoute(Object(Illuminate/Http/Request), Object(Illuminate/Routing/Route))
#36 C:/Users/Nakata/Documents/Proyek 3/praktikum_modul_3_251511009_nakata/Modul3/activity-manager/vendor/laravel/framework/src/Illuminate/Routing/Router.php(753): Illuminate/Routing/Router->dispatchToRoute(Object(Illuminate/Http/Request))
#37 C:/Users/Nakata/Documents/Proyek 3/praktikum_modul_3_251511009_nakata/Modul3/activity-manager/vendor/laravel/framework/src/Illuminate/Foundation/Http/Kernel.php(200): Illuminate/Routing/Router->dispatch(Object(Illuminate/Http/Request))
#38 C:/Users/Nakata/Documents/Proyek 3/praktikum_modul_3_251511009_nakata/Modul3/activity-manager/vendor/laravel/framework/src/Illuminate/Pipeline/Pipeline.php(180): Illuminate/Foundation/Http/Kernel->{closure:Illuminate/Foundation/Http/Kernel::dispatchToRouter():197}(Object(Illuminate/Http/Request))
#39 C:/Users/Nakata/Documents/Proyek 3/praktikum_modul_3_251511009_nakata/Modul3/activity-manager/vendor/laravel/framework/src/Illuminate/Foundation/Http/Middleware/TransformsRequest.php(21): Illuminate/Pipeline/Pipeline->{closure:Illuminate/Pipeline/Pipeline::prepareDestination():178}(Object(Illuminate/Http/Request))
#40 C:/Users/Nakata/Documents/Proyek 3/praktikum_modul_3_251511009_nakata/Modul3/activity-manager/vendor/laravel/framework/src/Illuminate/Foundation/Http/Middleware/ConvertEmptyStringsToNull.php(31): Illuminate/Foundation/Http/Middleware/TransformsRequest->handle(Object(Illuminate/Http/Request), Object(Closure))
#41 C:/Users/Nakata/Documents/Proyek 3/praktikum_modul_3_251511009_nakata/Modul3/activity-manager/vendor/laravel/framework/src/Illuminate/Pipeline/Pipeline.php(219): Illuminate/Foundation/Http/Middleware/ConvertEmptyStringsToNull->handle(Object(Illuminate/Http/Request), Object(Closure))
#42 C:/Users/Nakata/Documents/Proyek 3/praktikum_modul_3_251511009_nakata/Modul3/activity-manager/vendor/laravel/framework/src/Illuminate/Foundation/Http/Middleware/TransformsRequest.php(21): Illuminate/Pipeline/Pipeline->{closure:{closure:Illuminate/Pipeline/Pipeline::carry():194}:195}(Object(Illuminate/Http/Request))
#43 C:/Users/Nakata/Documents/Proyek 3/praktikum_modul_3_251511009_nakata/Modul3/activity-manager/vendor/laravel/framework/src/Illuminate/Foundation/Http/Middleware/TrimStrings.php(51): Illuminate/Foundation/Http/Middleware/TransformsRequest->handle(Object(Illuminate/Http/Request), Object(Closure))
#44 C:/Users/Nakata/Documents/Proyek 3/praktikum_modul_3_251511009_nakata/Modul3/activity-manager/vendor/laravel/framework/src/Illuminate/Pipeline/Pipeline.php(219): Illuminate/Foundation/Http/Middleware/TrimStrings->handle(Object(Illuminate/Http/Request), Object(Closure))
#45 C:/Users/Nakata/Documents/Proyek 3/praktikum_modul_3_251511009_nakata/Modul3/activity-manager/vendor/laravel/framework/src/Illuminate/Http/Middleware/ValidatePostSize.php(27): Illuminate/Pipeline/Pipeline->{closure:{closure:Illuminate/Pipeline/Pipeline::carry():194}:195}(Object(Illuminate/Http/Request))
#46 C:/Users/Nakata/Documents/Proyek 3/praktikum_modul_3_251511009_nakata/Modul3/activity-manager/vendor/laravel/framework/src/Illuminate/Pipeline/Pipeline.php(219): Illuminate/Http/Middleware/ValidatePostSize->handle(Object(Illuminate/Http/Request), Object(Closure))
#47 C:/Users/Nakata/Documents/Proyek 3/praktikum_modul_3_251511009_nakata/Modul3/activity-manager/vendor/laravel/framework/src/Illuminate/Foundation/Http/Middleware/PreventRequestsDuringMaintenance.php(110): Illuminate/Pipeline/Pipeline->{closure:{closure:Illuminate/Pipeline/Pipeline::carry():194}:195}(Object(Illuminate/Http/Request))
#48 C:/Users/Nakata/Documents/Proyek 3/praktikum_modul_3_251511009_nakata/Modul3/activity-manager/vendor/laravel/framework/src/Illuminate/Pipeline/Pipeline.php(219): Illuminate/Foundation/Http/Middleware/PreventRequestsDuringMaintenance->handle(Object(Illuminate/Http/Request), Object(Closure))
#49 C:/Users/Nakata/Documents/Proyek 3/praktikum_modul_3_251511009_nakata/Modul3/activity-manager/vendor/laravel/framework/src/Illuminate/Http/Middleware/HandleCors.php(61): Illuminate/Pipeline/Pipeline->{closure:{closure:Illuminate/Pipeline/Pipeline::carry():194}:195}(Object(Illuminate/Http/Request))
#50 C:/Users/Nakata/Documents/Proyek 3/praktikum_modul_3_251511009_nakata/Modul3/activity-manager/vendor/laravel/framework/src/Illuminate/Pipeline/Pipeline.php(219): Illuminate/Http/Middleware/HandleCors->handle(Object(Illuminate/Http/Request), Object(Closure))
#51 C:/Users/Nakata/Documents/Proyek 3/praktikum_modul_3_251511009_nakata/Modul3/activity-manager/vendor/laravel/framework/src/Illuminate/Http/Middleware/TrustProxies.php(58): Illuminate/Pipeline/Pipeline->{closure:{closure:Illuminate/Pipeline/Pipeline::carry():194}:195}(Object(Illuminate/Http/Request))
#52 C:/Users/Nakata/Documents/Proyek 3/praktikum_modul_3_251511009_nakata/Modul3/activity-manager/vendor/laravel/framework/src/Illuminate/Pipeline/Pipeline.php(219): Illuminate/Http/Middleware/TrustProxies->handle(Object(Illuminate/Http/Request), Object(Closure))
#53 C:/Users/Nakata/Documents/Proyek 3/praktikum_modul_3_251511009_nakata/Modul3/activity-manager/vendor/laravel/framework/src/Illuminate/Foundation/Http/Middleware/InvokeDeferredCallbacks.php(22): Illuminate/Pipeline/Pipeline->{closure:{closure:Illuminate/Pipeline/Pipeline::carry():194}:195}(Object(Illuminate/Http/Request))
#54 C:/Users/Nakata/Documents/Proyek 3/praktikum_modul_3_251511009_nakata/Modul3/activity-manager/vendor/laravel/framework/src/Illuminate/Pipeline/Pipeline.php(219): Illuminate/Foundation/Http/Middleware/InvokeDeferredCallbacks->handle(Object(Illuminate/Http/Request), Object(Closure))
#55 C:/Users/Nakata/Documents/Proyek 3/praktikum_modul_3_251511009_nakata/Modul3/activity-manager/vendor/laravel/framework/src/Illuminate/Http/Middleware/ValidatePathEncoding.php(28): Illuminate/Pipeline/Pipeline->{closure:{closure:Illuminate/Pipeline/Pipeline::carry():194}:195}(Object(Illuminate/Http/Request))
#56 C:/Users/Nakata/Documents/Proyek 3/praktikum_modul_3_251511009_nakata/Modul3/activity-manager/vendor/laravel/framework/src/Illuminate/Pipeline/Pipeline.php(219): Illuminate/Http/Middleware/ValidatePathEncoding->handle(Object(Illuminate/Http/Request), Object(Closure))
#57 C:/Users/Nakata/Documents/Proyek 3/praktikum_modul_3_251511009_nakata/Modul3/activity-manager/vendor/laravel/framework/src/Illuminate/Pipeline/Pipeline.php(137): Illuminate/Pipeline/Pipeline->{closure:{closure:Illuminate/Pipeline/Pipeline::carry():194}:195}(Object(Illuminate/Http/Request))
#58 C:/Users/Nakata/Documents/Proyek 3/praktikum_modul_3_251511009_nakata/Modul3/activity-manager/vendor/laravel/framework/src/Illuminate/Foundation/Http/Kernel.php(175): Illuminate/Pipeline/Pipeline->then(Object(Closure))
#59 C:/Users/Nakata/Documents/Proyek 3/praktikum_modul_3_251511009_nakata/Modul3/activity-manager/vendor/laravel/framework/src/Illuminate/Foundation/Http/Kernel.php(144): Illuminate/Foundation/Http/Kernel->sendRequestThroughRouter(Object(Illuminate/Http/Request))
#60 C:/Users/Nakata/Documents/Proyek 3/praktikum_modul_3_251511009_nakata/Modul3/activity-manager/vendor/laravel/framework/src/Illuminate/Foundation/Application.php(1227): Illuminate/Foundation/Http/Kernel->handle(Object(Illuminate/Http/Request))
#61 C:/Users/Nakata/Documents/Proyek 3/praktikum_modul_3_251511009_nakata/Modul3/activity-manager/public/index.php(20): Illuminate/Foundation/Application->handleRequest(Object(Illuminate/Http/Request))
#62 C:/Users/Nakata/Documents/Proyek 3/praktikum_modul_3_251511009_nakata/Modul3/activity-manager/vendor/laravel/framework/src/Illuminate/Foundation/resources/server.php(23): require_once('C://Users//Nakata...')
#63 {main}

[previous exception] [object] (Illuminate\\Foundation\\ViteManifestNotFoundException(code: 0): Vite manifest not found at: C:\\Users\\Nakata\\Documents\\Proyek 3\\praktikum_modul_3_251511009_nakata\\Modul3\\activity-manager\\public\\build/manifest.json at C:/Users/Nakata/Documents/Proyek 3/praktikum_modul_3_251511009_nakata/Modul3/activity-manager/vendor/laravel/framework/src/Illuminate/Foundation/Vite.php:974)
[stacktrace]
#0 C:/Users/Nakata/Documents/Proyek 3/praktikum_modul_3_251511009_nakata/Modul3/activity-manager/vendor/laravel/framework/src/Illuminate/Foundation/Vite.php(398): Illuminate/Foundation/Vite->manifest('build')
#1 C:/Users/Nakata/Documents/Proyek 3/praktikum_modul_3_251511009_nakata/Modul3/activity-manager/storage/framework/views/dd8d00d47f5c830c8f857ce5e0aaa73a.php(7): Illuminate/Foundation/Vite->__invoke(Object(Illuminate/Support/Collection))
#2 C:/Users/Nakata/Documents/Proyek 3/praktikum_modul_3_251511009_nakata/Modul3/activity-manager/vendor/laravel/framework/src/Illuminate/Filesystem/Filesystem.php(123): require('C://Users//Nakata...')
#3 C:/Users/Nakata/Documents/Proyek 3/praktikum_modul_3_251511009_nakata/Modul3/activity-manager/vendor/laravel/framework/src/Illuminate/Filesystem/Filesystem.php(124): Illuminate/Filesystem/Filesystem::{closure:Illuminate/Filesystem/Filesystem::getRequire():120}()
#4 C:/Users/Nakata/Documents/Proyek 3/praktikum_modul_3_251511009_nakata/Modul3/activity-manager/vendor/laravel/framework/src/Illuminate/View/Engines/PhpEngine.php(57): Illuminate/Filesystem/Filesystem->getRequire('C://Users//Nakata...', Array)
#5 C:/Users/Nakata/Documents/Proyek 3/praktikum_modul_3_251511009_nakata/Modul3/activity-manager/vendor/laravel/framework/src/Illuminate/View/Engines/CompilerEngine.php(76): Illuminate/View/Engines/PhpEngine->evaluatePath('C://Users//Nakata...', Array)
#6 C:/Users/Nakata/Documents/Proyek 3/praktikum_modul_3_251511009_nakata/Modul3/activity-manager/vendor/laravel/framework/src/Illuminate/View/View.php(208): Illuminate/View/Engines/CompilerEngine->get('C://Users//Nakata...', Array)
#7 C:/Users/Nakata/Documents/Proyek 3/praktikum_modul_3_251511009_nakata/Modul3/activity-manager/vendor/laravel/framework/src/Illuminate/View/View.php(191): Illuminate/View/View->getContents()
#8 C:/Users/Nakata/Documents/Proyek 3/praktikum_modul_3_251511009_nakata/Modul3/activity-manager/vendor/laravel/framework/src/Illuminate/View/View.php(160): Illuminate/View/View->renderContents()
#9 C:/Users/Nakata/Documents/Proyek 3/praktikum_modul_3_251511009_nakata/Modul3/activity-manager/storage/framework/views/161347b359dc333522c4812a28465cc2.php(25): Illuminate/View/View->render()
#10 C:/Users/Nakata/Documents/Proyek 3/praktikum_modul_3_251511009_nakata/Modul3/activity-manager/vendor/laravel/framework/src/Illuminate/Filesystem/Filesystem.php(123): require('C://Users//Nakata...')
#11 C:/Users/Nakata/Documents/Proyek 3/praktikum_modul_3_251511009_nakata/Modul3/activity-manager/vendor/laravel/framework/src/Illuminate/Filesystem/Filesystem.php(124): Illuminate/Filesystem/Filesystem::{closure:Illuminate/Filesystem/Filesystem::getRequire():120}()
#12 C:/Users/Nakata/Documents/Proyek 3/praktikum_modul_3_251511009_nakata/Modul3/activity-manager/vendor/laravel/framework/src/Illuminate/View/Engines/PhpEngine.php(57): Illuminate/Filesystem/Filesystem->getRequire('C://Users//Nakata...', Array)
#13 C:/Users/Nakata/Documents/Proyek 3/praktikum_modul_3_251511009_nakata/Modul3/activity-manager/vendor/laravel/framework/src/Illuminate/View/Engines/CompilerEngine.php(76): Illuminate/View/Engines/PhpEngine->evaluatePath('C://Users//Nakata...', Array)
#14 C:/Users/Nakata/Documents/Proyek 3/praktikum_modul_3_251511009_nakata/Modul3/activity-manager/vendor/laravel/framework/src/Illuminate/View/View.php(208): Illuminate/View/Engines/CompilerEngine->get('C://Users//Nakata...', Array)
#15 C:/Users/Nakata/Documents/Proyek 3/praktikum_modul_3_251511009_nakata/Modul3/activity-manager/vendor/laravel/framework/src/Illuminate/View/View.php(191): Illuminate/View/View->getContents()
#16 C:/Users/Nakata/Documents/Proyek 3/praktikum_modul_3_251511009_nakata/Modul3/activity-manager/vendor/laravel/framework/src/Illuminate/View/View.php(160): Illuminate/View/View->renderContents()
#17 C:/Users/Nakata/Documents/Proyek 3/praktikum_modul_3_251511009_nakata/Modul3/activity-manager/vendor/laravel/framework/src/Illuminate/Http/Response.php(82): Illuminate/View/View->render()
#18 C:/Users/Nakata/Documents/Proyek 3/praktikum_modul_3_251511009_nakata/Modul3/activity-manager/vendor/laravel/framework/src/Illuminate/Http/Response.php(40): Illuminate/Http/Response->setContent(Object(Illuminate/View/View))
#19 C:/Users/Nakata/Documents/Proyek 3/praktikum_modul_3_251511009_nakata/Modul3/activity-manager/vendor/laravel/framework/src/Illuminate/Routing/Router.php(939): Illuminate/Http/Response->__construct(Object(Illuminate/View/View), 200, Array)
#20 C:/Users/Nakata/Documents/Proyek 3/praktikum_modul_3_251511009_nakata/Modul3/activity-manager/vendor/laravel/framework/src/Illuminate/Routing/Router.php(906): Illuminate/Routing/Router::toResponse(Object(Illuminate/Http/Request), Object(Illuminate/View/View))
#21 C:/Users/Nakata/Documents/Proyek 3/praktikum_modul_3_251511009_nakata/Modul3/activity-manager/vendor/laravel/framework/src/Illuminate/Routing/Router.php(821): Illuminate/Routing/Router->prepareResponse(Object(Illuminate/Http/Request), Object(Illuminate/View/View))
#22 C:/Users/Nakata/Documents/Proyek 3/praktikum_modul_3_251511009_nakata/Modul3/activity-manager/vendor/laravel/framework/src/Illuminate/Pipeline/Pipeline.php(180): Illuminate/Routing/Router->{closure:Illuminate/Routing/Router::runRouteWithinStack():821}(Object(Illuminate/Http/Request))
#23 C:/Users/Nakata/Documents/Proyek 3/praktikum_modul_3_251511009_nakata/Modul3/activity-manager/vendor/laravel/framework/src/Illuminate/Routing/Middleware/SubstituteBindings.php(52): Illuminate/Pipeline/Pipeline->{closure:Illuminate/Pipeline/Pipeline::prepareDestination():178}(Object(Illuminate/Http/Request))
#24 C:/Users/Nakata/Documents/Proyek 3/praktikum_modul_3_251511009_nakata/Modul3/activity-manager/vendor/laravel/framework/src/Illuminate/Pipeline/Pipeline.php(219): Illuminate/Routing/Middleware/SubstituteBindings->handle(Object(Illuminate/Http/Request), Object(Closure))
#25 C:/Users/Nakata/Documents/Proyek 3/praktikum_modul_3_251511009_nakata/Modul3/activity-manager/vendor/laravel/framework/src/Illuminate/Foundation/Http/Middleware/PreventRequestForgery.php(104): Illuminate/Pipeline/Pipeline->{closure:{closure:Illuminate/Pipeline/Pipeline::carry():194}:195}(Object(Illuminate/Http/Request))
#26 C:/Users/Nakata/Documents/Proyek 3/praktikum_modul_3_251511009_nakata/Modul3/activity-manager/vendor/laravel/framework/src/Illuminate/Pipeline/Pipeline.php(219): Illuminate/Foundation/Http/Middleware/PreventRequestForgery->handle(Object(Illuminate/Http/Request), Object(Closure))
#27 C:/Users/Nakata/Documents/Proyek 3/praktikum_modul_3_251511009_nakata/Modul3/activity-manager/vendor/laravel/framework/src/Illuminate/View/Middleware/ShareErrorsFromSession.php(48): Illuminate/Pipeline/Pipeline->{closure:{closure:Illuminate/Pipeline/Pipeline::carry():194}:195}(Object(Illuminate/Http/Request))
#28 C:/Users/Nakata/Documents/Proyek 3/praktikum_modul_3_251511009_nakata/Modul3/activity-manager/vendor/laravel/framework/src/Illuminate/Pipeline/Pipeline.php(219): Illuminate/View/Middleware/ShareErrorsFromSession->handle(Object(Illuminate/Http/Request), Object(Closure))
#29 C:/Users/Nakata/Documents/Proyek 3/praktikum_modul_3_251511009_nakata/Modul3/activity-manager/vendor/laravel/framework/src/Illuminate/Session/Middleware/StartSession.php(120): Illuminate/Pipeline/Pipeline->{closure:{closure:Illuminate/Pipeline/Pipeline::carry():194}:195}(Object(Illuminate/Http/Request))
#30 C:/Users/Nakata/Documents/Proyek 3/praktikum_modul_3_251511009_nakata/Modul3/activity-manager/vendor/laravel/framework/src/Illuminate/Session/Middleware/StartSession.php(63): Illuminate/Session/Middleware/StartSession->handleStatefulRequest(Object(Illuminate/Http/Request), Object(Illuminate/Session/Store), Object(Closure))
#31 C:/Users/Nakata/Documents/Proyek 3/praktikum_modul_3_251511009_nakata/Modul3/activity-manager/vendor/laravel/framework/src/Illuminate/Pipeline/Pipeline.php(219): Illuminate/Session/Middleware/StartSession->handle(Object(Illuminate/Http/Request), Object(Closure))
#32 C:/Users/Nakata/Documents/Proyek 3/praktikum_modul_3_251511009_nakata/Modul3/activity-manager/vendor/laravel/framework/src/Illuminate/Cookie/Middleware/AddQueuedCookiesToResponse.php(36): Illuminate/Pipeline/Pipeline->{closure:{closure:Illuminate/Pipeline/Pipeline::carry():194}:195}(Object(Illuminate/Http/Request))
#33 C:/Users/Nakata/Documents/Proyek 3/praktikum_modul_3_251511009_nakata/Modul3/activity-manager/vendor/laravel/framework/src/Illuminate/Pipeline/Pipeline.php(219): Illuminate/Cookie/Middleware/AddQueuedCookiesToResponse->handle(Object(Illuminate/Http/Request), Object(Closure))
#34 C:/Users/Nakata/Documents/Proyek 3/praktikum_modul_3_251511009_nakata/Modul3/activity-manager/vendor/laravel/framework/src/Illuminate/Cookie/Middleware/EncryptCookies.php(74): Illuminate/Pipeline/Pipeline->{closure:{closure:Illuminate/Pipeline/Pipeline::carry():194}:195}(Object(Illuminate/Http/Request))
#35 C:/Users/Nakata/Documents/Proyek 3/praktikum_modul_3_251511009_nakata/Modul3/activity-manager/vendor/laravel/framework/src/Illuminate/Pipeline/Pipeline.php(219): Illuminate/Cookie/Middleware/EncryptCookies->handle(Object(Illuminate/Http/Request), Object(Closure))
#36 C:/Users/Nakata/Documents/Proyek 3/praktikum_modul_3_251511009_nakata/Modul3/activity-manager/vendor/laravel/framework/src/Illuminate/Pipeline/Pipeline.php(137): Illuminate/Pipeline/Pipeline->{closure:{closure:Illuminate/Pipeline/Pipeline::carry():194}:195}(Object(Illuminate/Http/Request))
#37 C:/Users/Nakata/Documents/Proyek 3/praktikum_modul_3_251511009_nakata/Modul3/activity-manager/vendor/laravel/framework/src/Illuminate/Routing/Router.php(821): Illuminate/Pipeline/Pipeline->then(Object(Closure))
#38 C:/Users/Nakata/Documents/Proyek 3/praktikum_modul_3_251511009_nakata/Modul3/activity-manager/vendor/laravel/framework/src/Illuminate/Routing/Router.php(800): Illuminate/Routing/Router->runRouteWithinStack(Object(Illuminate/Routing/Route), Object(Illuminate/Http/Request))
#39 C:/Users/Nakata/Documents/Proyek 3/praktikum_modul_3_251511009_nakata/Modul3/activity-manager/vendor/laravel/framework/src/Illuminate/Routing/Router.php(764): Illuminate/Routing/Router->runRoute(Object(Illuminate/Http/Request), Object(Illuminate/Routing/Route))
#40 C:/Users/Nakata/Documents/Proyek 3/praktikum_modul_3_251511009_nakata/Modul3/activity-manager/vendor/laravel/framework/src/Illuminate/Routing/Router.php(753): Illuminate/Routing/Router->dispatchToRoute(Object(Illuminate/Http/Request))
#41 C:/Users/Nakata/Documents/Proyek 3/praktikum_modul_3_251511009_nakata/Modul3/activity-manager/vendor/laravel/framework/src/Illuminate/Foundation/Http/Kernel.php(200): Illuminate/Routing/Router->dispatch(Object(Illuminate/Http/Request))
#42 C:/Users/Nakata/Documents/Proyek 3/praktikum_modul_3_251511009_nakata/Modul3/activity-manager/vendor/laravel/framework/src/Illuminate/Pipeline/Pipeline.php(180): Illuminate/Foundation/Http/Kernel->{closure:Illuminate/Foundation/Http/Kernel::dispatchToRouter():197}(Object(Illuminate/Http/Request))
#43 C:/Users/Nakata/Documents/Proyek 3/praktikum_modul_3_251511009_nakata/Modul3/activity-manager/vendor/laravel/framework/src/Illuminate/Foundation/Http/Middleware/TransformsRequest.php(21): Illuminate/Pipeline/Pipeline->{closure:Illuminate/Pipeline/Pipeline::prepareDestination():178}(Object(Illuminate/Http/Request))
#44 C:/Users/Nakata/Documents/Proyek 3/praktikum_modul_3_251511009_nakata/Modul3/activity-manager/vendor/laravel/framework/src/Illuminate/Foundation/Http/Middleware/ConvertEmptyStringsToNull.php(31): Illuminate/Foundation/Http/Middleware/TransformsRequest->handle(Object(Illuminate/Http/Request), Object(Closure))
#45 C:/Users/Nakata/Documents/Proyek 3/praktikum_modul_3_251511009_nakata/Modul3/activity-manager/vendor/laravel/framework/src/Illuminate/Pipeline/Pipeline.php(219): Illuminate/Foundation/Http/Middleware/ConvertEmptyStringsToNull->handle(Object(Illuminate/Http/Request), Object(Closure))
#46 C:/Users/Nakata/Documents/Proyek 3/praktikum_modul_3_251511009_nakata/Modul3/activity-manager/vendor/laravel/framework/src/Illuminate/Foundation/Http/Middleware/TransformsRequest.php(21): Illuminate/Pipeline/Pipeline->{closure:{closure:Illuminate/Pipeline/Pipeline::carry():194}:195}(Object(Illuminate/Http/Request))
#47 C:/Users/Nakata/Documents/Proyek 3/praktikum_modul_3_251511009_nakata/Modul3/activity-manager/vendor/laravel/framework/src/Illuminate/Foundation/Http/Middleware/TrimStrings.php(51): Illuminate/Foundation/Http/Middleware/TransformsRequest->handle(Object(Illuminate/Http/Request), Object(Closure))
#48 C:/Users/Nakata/Documents/Proyek 3/praktikum_modul_3_251511009_nakata/Modul3/activity-manager/vendor/laravel/framework/src/Illuminate/Pipeline/Pipeline.php(219): Illuminate/Foundation/Http/Middleware/TrimStrings->handle(Object(Illuminate/Http/Request), Object(Closure))
#49 C:/Users/Nakata/Documents/Proyek 3/praktikum_modul_3_251511009_nakata/Modul3/activity-manager/vendor/laravel/framework/src/Illuminate/Http/Middleware/ValidatePostSize.php(27): Illuminate/Pipeline/Pipeline->{closure:{closure:Illuminate/Pipeline/Pipeline::carry():194}:195}(Object(Illuminate/Http/Request))
#50 C:/Users/Nakata/Documents/Proyek 3/praktikum_modul_3_251511009_nakata/Modul3/activity-manager/vendor/laravel/framework/src/Illuminate/Pipeline/Pipeline.php(219): Illuminate/Http/Middleware/ValidatePostSize->handle(Object(Illuminate/Http/Request), Object(Closure))
#51 C:/Users/Nakata/Documents/Proyek 3/praktikum_modul_3_251511009_nakata/Modul3/activity-manager/vendor/laravel/framework/src/Illuminate/Foundation/Http/Middleware/PreventRequestsDuringMaintenance.php(110): Illuminate/Pipeline/Pipeline->{closure:{closure:Illuminate/Pipeline/Pipeline::carry():194}:195}(Object(Illuminate/Http/Request))
#52 C:/Users/Nakata/Documents/Proyek 3/praktikum_modul_3_251511009_nakata/Modul3/activity-manager/vendor/laravel/framework/src/Illuminate/Pipeline/Pipeline.php(219): Illuminate/Foundation/Http/Middleware/PreventRequestsDuringMaintenance->handle(Object(Illuminate/Http/Request), Object(Closure))
#53 C:/Users/Nakata/Documents/Proyek 3/praktikum_modul_3_251511009_nakata/Modul3/activity-manager/vendor/laravel/framework/src/Illuminate/Http/Middleware/HandleCors.php(61): Illuminate/Pipeline/Pipeline->{closure:{closure:Illuminate/Pipeline/Pipeline::carry():194}:195}(Object(Illuminate/Http/Request))
#54 C:/Users/Nakata/Documents/Proyek 3/praktikum_modul_3_251511009_nakata/Modul3/activity-manager/vendor/laravel/framework/src/Illuminate/Pipeline/Pipeline.php(219): Illuminate/Http/Middleware/HandleCors->handle(Object(Illuminate/Http/Request), Object(Closure))
#55 C:/Users/Nakata/Documents/Proyek 3/praktikum_modul_3_251511009_nakata/Modul3/activity-manager/vendor/laravel/framework/src/Illuminate/Http/Middleware/TrustProxies.php(58): Illuminate/Pipeline/Pipeline->{closure:{closure:Illuminate/Pipeline/Pipeline::carry():194}:195}(Object(Illuminate/Http/Request))
#56 C:/Users/Nakata/Documents/Proyek 3/praktikum_modul_3_251511009_nakata/Modul3/activity-manager/vendor/laravel/framework/src/Illuminate/Pipeline/Pipeline.php(219): Illuminate/Http/Middleware/TrustProxies->handle(Object(Illuminate/Http/Request), Object(Closure))
#57 C:/Users/Nakata/Documents/Proyek 3/praktikum_modul_3_251511009_nakata/Modul3/activity-manager/vendor/laravel/framework/src/Illuminate/Foundation/Http/Middleware/InvokeDeferredCallbacks.php(22): Illuminate/Pipeline/Pipeline->{closure:{closure:Illuminate/Pipeline/Pipeline::carry():194}:195}(Object(Illuminate/Http/Request))
#58 C:/Users/Nakata/Documents/Proyek 3/praktikum_modul_3_251511009_nakata/Modul3/activity-manager/vendor/laravel/framework/src/Illuminate/Pipeline/Pipeline.php(219): Illuminate/Foundation/Http/Middleware/InvokeDeferredCallbacks->handle(Object(Illuminate/Http/Request), Object(Closure))
#59 C:/Users/Nakata/Documents/Proyek 3/praktikum_modul_3_251511009_nakata/Modul3/activity-manager/vendor/laravel/framework/src/Illuminate/Http/Middleware/ValidatePathEncoding.php(28): Illuminate/Pipeline/Pipeline->{closure:{closure:Illuminate/Pipeline/Pipeline::carry():194}:195}(Object(Illuminate/Http/Request))
#60 C:/Users/Nakata/Documents/Proyek 3/praktikum_modul_3_251511009_nakata/Modul3/activity-manager/vendor/laravel/framework/src/Illuminate/Pipeline/Pipeline.php(219): Illuminate/Http/Middleware/ValidatePathEncoding->handle(Object(Illuminate/Http/Request), Object(Closure))
#61 C:/Users/Nakata/Documents/Proyek 3/praktikum_modul_3_251511009_nakata/Modul3/activity-manager/vendor/laravel/framework/src/Illuminate/Pipeline/Pipeline.php(137): Illuminate/Pipeline/Pipeline->{closure:{closure:Illuminate/Pipeline/Pipeline::carry():194}:195}(Object(Illuminate/Http/Request))
#62 C:/Users/Nakata/Documents/Proyek 3/praktikum_modul_3_251511009_nakata/Modul3/activity-manager/vendor/laravel/framework/src/Illuminate/Foundation/Http/Kernel.php(175): Illuminate/Pipeline/Pipeline->then(Object(Closure))
#63 C:/Users/Nakata/Documents/Proyek 3/praktikum_modul_3_251511009_nakata/Modul3/activity-manager/vendor/laravel/framework/src/Illuminate/Foundation/Http/Kernel.php(144): Illuminate/Foundation/Http/Kernel->sendRequestThroughRouter(Object(Illuminate/Http/Request))
#64 C:/Users/Nakata/Documents/Proyek 3/praktikum_modul_3_251511009_nakata/Modul3/activity-manager/vendor/laravel/framework/src/Illuminate/Foundation/Application.php(1227): Illuminate/Foundation/Http/Kernel->handle(Object(Illuminate/Http/Request))
#65 C:/Users/Nakata/Documents/Proyek 3/praktikum_modul_3_251511009_nakata/Modul3/activity-manager/public/index.php(20): Illuminate/Foundation/Application->handleRequest(Object(Illuminate/Http/Request))
#66 C:/Users/Nakata/Documents/Proyek 3/praktikum_modul_3_251511009_nakata/Modul3/activity-manager/vendor/laravel/framework/src/Illuminate/Foundation/resources/server.php(23): require_once('C://Users//Nakata...')
#67 {main}
"} 
[2026-09-25 13:54:32] local.ERROR: Vite manifest not found at: C:\Users\Nakata\Documents\Proyek 3\praktikum_modul_3_251511009_nakata\Modul3\activity-manager\public\build/manifest.json (View: C:\Users\Nakata\Documents\Proyek 3\praktikum_modul_3_251511009_nakata\Modul3\activity-manager\resources\views\layouts\app.blade.php) (View: C:\Users\Nakata\Documents\Proyek 3\praktikum_modul_3_251511009_nakata\Modul3\activity-manager\resources\views\layouts\app.blade.php) {"exception":"[object] (Illuminate\\View\\ViewException(code: 0): Vite manifest not found at: C:\\Users\\Nakata\\Documents\\Proyek 3\\praktikum_modul_3_251511009_nakata\\Modul3\\activity-manager\\public\\build/manifest.json (View: C:\\Users\\Nakata\\Documents\\Proyek 3\\praktikum_modul_3_251511009_nakata\\Modul3\\activity-manager\\resources\\views\\layouts\\app.blade.php) (View: C:\\Users\\Nakata\\Documents\\Proyek 3\\praktikum_modul_3_251511009_nakata\\Modul3\\activity-manager\\resources\\views\\layouts\\app.blade.php) at C:/Users/Nakata/Documents/Proyek 3/praktikum_modul_3_251511009_nakata/Modul3/activity-manager/vendor/laravel/framework/src/Illuminate/Foundation/Vite.php:974)
[stacktrace]
#0 C:/Users/Nakata/Documents/Proyek 3/praktikum_modul_3_251511009_nakata/Modul3/activity-manager/vendor/laravel/framework/src/Illuminate/View/Engines/PhpEngine.php(59): Illuminate/View/Engines/CompilerEngine->handleViewException(Object(Illuminate/View/ViewException), 0)
#1 C:/Users/Nakata/Documents/Proyek 3/praktikum_modul_3_251511009_nakata/Modul3/activity-manager/vendor/laravel/framework/src/Illuminate/View/Engines/CompilerEngine.php(76): Illuminate/View/Engines/PhpEngine->evaluatePath('C://Users//Nakata...', Array)
#2 C:/Users/Nakata/Documents/Proyek 3/praktikum_modul_3_251511009_nakata/Modul3/activity-manager/vendor/laravel/framework/src/Illuminate/View/View.php(208): Illuminate/View/Engines/CompilerEngine->get('C://Users//Nakata...', Array)
#3 C:/Users/Nakata/Documents/Proyek 3/praktikum_modul_3_251511009_nakata/Modul3/activity-manager/vendor/laravel/framework/src/Illuminate/View/View.php(191): Illuminate/View/View->getContents()
#4 C:/Users/Nakata/Documents/Proyek 3/praktikum_modul_3_251511009_nakata/Modul3/activity-manager/vendor/laravel/framework/src/Illuminate/View/View.php(160): Illuminate/View/View->renderContents()
#5 C:/Users/Nakata/Documents/Proyek 3/praktikum_modul_3_251511009_nakata/Modul3/activity-manager/vendor/laravel/framework/src/Illuminate/Http/Response.php(82): Illuminate/View/View->render()
#6 C:/Users/Nakata/Documents/Proyek 3/praktikum_modul_3_251511009_nakata/Modul3/activity-manager/vendor/laravel/framework/src/Illuminate/Http/Response.php(40): Illuminate/Http/Response->setContent(Object(Illuminate/View/View))
#7 C:/Users/Nakata/Documents/Proyek 3/praktikum_modul_3_251511009_nakata/Modul3/activity-manager/vendor/laravel/framework/src/Illuminate/Routing/Router.php(939): Illuminate/Http/Response->__construct(Object(Illuminate/View/View), 200, Array)
#8 C:/Users/Nakata/Documents/Proyek 3/praktikum_modul_3_251511009_nakata/Modul3/activity-manager/vendor/laravel/framework/src/Illuminate/Routing/Router.php(906): Illuminate/Routing/Router::toResponse(Object(Illuminate/Http/Request), Object(Illuminate/View/View))
#9 C:/Users/Nakata/Documents/Proyek 3/praktikum_modul_3_251511009_nakata/Modul3/activity-manager/vendor/laravel/framework/src/Illuminate/Routing/Router.php(821): Illuminate/Routing/Router->prepareResponse(Object(Illuminate/Http/Request), Object(Illuminate/View/View))
#10 C:/Users/Nakata/Documents/Proyek 3/praktikum_modul_3_251511009_nakata/Modul3/activity-manager/vendor/laravel/framework/src/Illuminate/Pipeline/Pipeline.php(180): Illuminate/Routing/Router->{closure:Illuminate/Routing/Router::runRouteWithinStack():821}(Object(Illuminate/Http/Request))
#11 C:/Users/Nakata/Documents/Proyek 3/praktikum_modul_3_251511009_nakata/Modul3/activity-manager/vendor/laravel/framework/src/Illuminate/Routing/Middleware/SubstituteBindings.php(52): Illuminate/Pipeline/Pipeline->{closure:Illuminate/Pipeline/Pipeline::prepareDestination():178}(Object(Illuminate/Http/Request))
#12 C:/Users/Nakata/Documents/Proyek 3/praktikum_modul_3_251511009_nakata/Modul3/activity-manager/vendor/laravel/framework/src/Illuminate/Pipeline/Pipeline.php(219): Illuminate/Routing/Middleware/SubstituteBindings->handle(Object(Illuminate/Http/Request), Object(Closure))
#13 C:/Users/Nakata/Documents/Proyek 3/praktikum_modul_3_251511009_nakata/Modul3/activity-manager/vendor/laravel/framework/src/Illuminate/Foundation/Http/Middleware/PreventRequestForgery.php(104): Illuminate/Pipeline/Pipeline->{closure:{closure:Illuminate/Pipeline/Pipeline::carry():194}:195}(Object(Illuminate/Http/Request))
#14 C:/Users/Nakata/Documents/Proyek 3/praktikum_modul_3_251511009_nakata/Modul3/activity-manager/vendor/laravel/framework/src/Illuminate/Pipeline/Pipeline.php(219): Illuminate/Foundation/Http/Middleware/PreventRequestForgery->handle(Object(Illuminate/Http/Request), Object(Closure))
#15 C:/Users/Nakata/Documents/Proyek 3/praktikum_modul_3_251511009_nakata/Modul3/activity-manager/vendor/laravel/framework/src/Illuminate/View/Middleware/ShareErrorsFromSession.php(48): Illuminate/Pipeline/Pipeline->{closure:{closure:Illuminate/Pipeline/Pipeline::carry():194}:195}(Object(Illuminate/Http/Request))
#16 C:/Users/Nakata/Documents/Proyek 3/praktikum_modul_3_251511009_nakata/Modul3/activity-manager/vendor/laravel/framework/src/Illuminate/Pipeline/Pipeline.php(219): Illuminate/View/Middleware/ShareErrorsFromSession->handle(Object(Illuminate/Http/Request), Object(Closure))
#17 C:/Users/Nakata/Documents/Proyek 3/praktikum_modul_3_251511009_nakata/Modul3/activity-manager/vendor/laravel/framework/src/Illuminate/Session/Middleware/StartSession.php(120): Illuminate/Pipeline/Pipeline->{closure:{closure:Illuminate/Pipeline/Pipeline::carry():194}:195}(Object(Illuminate/Http/Request))
#18 C:/Users/Nakata/Documents/Proyek 3/praktikum_modul_3_251511009_nakata/Modul3/activity-manager/vendor/laravel/framework/src/Illuminate/Session/Middleware/StartSession.php(63): Illuminate/Session/Middleware/StartSession->handleStatefulRequest(Object(Illuminate/Http/Request), Object(Illuminate/Session/Store), Object(Closure))
#19 C:/Users/Nakata/Documents/Proyek 3/praktikum_modul_3_251511009_nakata/Modul3/activity-manager/vendor/laravel/framework/src/Illuminate/Pipeline/Pipeline.php(219): Illuminate/Session/Middleware/StartSession->handle(Object(Illuminate/Http/Request), Object(Closure))
#20 C:/Users/Nakata/Documents/Proyek 3/praktikum_modul_3_251511009_nakata/Modul3/activity-manager/vendor/laravel/framework/src/Illuminate/Cookie/Middleware/AddQueuedCookiesToResponse.php(36): Illuminate/Pipeline/Pipeline->{closure:{closure:Illuminate/Pipeline/Pipeline::carry():194}:195}(Object(Illuminate/Http/Request))
#21 C:/Users/Nakata/Documents/Proyek 3/praktikum_modul_3_251511009_nakata/Modul3/activity-manager/vendor/laravel/framework/src/Illuminate/Pipeline/Pipeline.php(219): Illuminate/Cookie/Middleware/AddQueuedCookiesToResponse->handle(Object(Illuminate/Http/Request), Object(Closure))
#22 C:/Users/Nakata/Documents/Proyek 3/praktikum_modul_3_251511009_nakata/Modul3/activity-manager/vendor/laravel/framework/src/Illuminate/Cookie/Middleware/EncryptCookies.php(74): Illuminate/Pipeline/Pipeline->{closure:{closure:Illuminate/Pipeline/Pipeline::carry():194}:195}(Object(Illuminate/Http/Request))
#23 C:/Users/Nakata/Documents/Proyek 3/praktikum_modul_3_251511009_nakata/Modul3/activity-manager/vendor/laravel/framework/src/Illuminate/Pipeline/Pipeline.php(219): Illuminate/Cookie/Middleware/EncryptCookies->handle(Object(Illuminate/Http/Request), Object(Closure))
#24 C:/Users/Nakata/Documents/Proyek 3/praktikum_modul_3_251511009_nakata/Modul3/activity-manager/vendor/laravel/framework/src/Illuminate/Pipeline/Pipeline.php(137): Illuminate/Pipeline/Pipeline->{closure:{closure:Illuminate/Pipeline/Pipeline::carry():194}:195}(Object(Illuminate/Http/Request))
#25 C:/Users/Nakata/Documents/Proyek 3/praktikum_modul_3_251511009_nakata/Modul3/activity-manager/vendor/laravel/framework/src/Illuminate/Routing/Router.php(821): Illuminate/Pipeline/Pipeline->then(Object(Closure))
#26 C:/Users/Nakata/Documents/Proyek 3/praktikum_modul_3_251511009_nakata/Modul3/activity-manager/vendor/laravel/framework/src/Illuminate/Routing/Router.php(800): Illuminate/Routing/Router->runRouteWithinStack(Object(Illuminate/Routing/Route), Object(Illuminate/Http/Request))
#27 C:/Users/Nakata/Documents/Proyek 3/praktikum_modul_3_251511009_nakata/Modul3/activity-manager/vendor/laravel/framework/src/Illuminate/Routing/Router.php(764): Illuminate/Routing/Router->runRoute(Object(Illuminate/Http/Request), Object(Illuminate/Routing/Route))
#28 C:/Users/Nakata/Documents/Proyek 3/praktikum_modul_3_251511009_nakata/Modul3/activity-manager/vendor/laravel/framework/src/Illuminate/Routing/Router.php(753): Illuminate/Routing/Router->dispatchToRoute(Object(Illuminate/Http/Request))
#29 C:/Users/Nakata/Documents/Proyek 3/praktikum_modul_3_251511009_nakata/Modul3/activity-manager/vendor/laravel/framework/src/Illuminate/Foundation/Http/Kernel.php(200): Illuminate/Routing/Router->dispatch(Object(Illuminate/Http/Request))
#30 C:/Users/Nakata/Documents/Proyek 3/praktikum_modul_3_251511009_nakata/Modul3/activity-manager/vendor/laravel/framework/src/Illuminate/Pipeline/Pipeline.php(180): Illuminate/Foundation/Http/Kernel->{closure:Illuminate/Foundation/Http/Kernel::dispatchToRouter():197}(Object(Illuminate/Http/Request))
#31 C:/Users/Nakata/Documents/Proyek 3/praktikum_modul_3_251511009_nakata/Modul3/activity-manager/vendor/laravel/framework/src/Illuminate/Foundation/Http/Middleware/TransformsRequest.php(21): Illuminate/Pipeline/Pipeline->{closure:Illuminate/Pipeline/Pipeline::prepareDestination():178}(Object(Illuminate/Http/Request))
#32 C:/Users/Nakata/Documents/Proyek 3/praktikum_modul_3_251511009_nakata/Modul3/activity-manager/vendor/laravel/framework/src/Illuminate/Foundation/Http/Middleware/ConvertEmptyStringsToNull.php(31): Illuminate/Foundation/Http/Middleware/TransformsRequest->handle(Object(Illuminate/Http/Request), Object(Closure))
#33 C:/Users/Nakata/Documents/Proyek 3/praktikum_modul_3_251511009_nakata/Modul3/activity-manager/vendor/laravel/framework/src/Illuminate/Pipeline/Pipeline.php(219): Illuminate/Foundation/Http/Middleware/ConvertEmptyStringsToNull->handle(Object(Illuminate/Http/Request), Object(Closure))
#34 C:/Users/Nakata/Documents/Proyek 3/praktikum_modul_3_251511009_nakata/Modul3/activity-manager/vendor/laravel/framework/src/Illuminate/Foundation/Http/Middleware/TransformsRequest.php(21): Illuminate/Pipeline/Pipeline->{closure:{closure:Illuminate/Pipeline/Pipeline::carry():194}:195}(Object(Illuminate/Http/Request))
#35 C:/Users/Nakata/Documents/Proyek 3/praktikum_modul_3_251511009_nakata/Modul3/activity-manager/vendor/laravel/framework/src/Illuminate/Foundation/Http/Middleware/TrimStrings.php(51): Illuminate/Foundation/Http/Middleware/TransformsRequest->handle(Object(Illuminate/Http/Request), Object(Closure))
#36 C:/Users/Nakata/Documents/Proyek 3/praktikum_modul_3_251511009_nakata/Modul3/activity-manager/vendor/laravel/framework/src/Illuminate/Pipeline/Pipeline.php(219): Illuminate/Foundation/Http/Middleware/TrimStrings->handle(Object(Illuminate/Http/Request), Object(Closure))
#37 C:/Users/Nakata/Documents/Proyek 3/praktikum_modul_3_251511009_nakata/Modul3/activity-manager/vendor/laravel/framework/src/Illuminate/Http/Middleware/ValidatePostSize.php(27): Illuminate/Pipeline/Pipeline->{closure:{closure:Illuminate/Pipeline/Pipeline::carry():194}:195}(Object(Illuminate/Http/Request))
#38 C:/Users/Nakata/Documents/Proyek 3/praktikum_modul_3_251511009_nakata/Modul3/activity-manager/vendor/laravel/framework/src/Illuminate/Pipeline/Pipeline.php(219): Illuminate/Http/Middleware/ValidatePostSize->handle(Object(Illuminate/Http/Request), Object(Closure))
#39 C:/Users/Nakata/Documents/Proyek 3/praktikum_modul_3_251511009_nakata/Modul3/activity-manager/vendor/laravel/framework/src/Illuminate/Foundation/Http/Middleware/PreventRequestsDuringMaintenance.php(110): Illuminate/Pipeline/Pipeline->{closure:{closure:Illuminate/Pipeline/Pipeline::carry():194}:195}(Object(Illuminate/Http/Request))
#40 C:/Users/Nakata/Documents/Proyek 3/praktikum_modul_3_251511009_nakata/Modul3/activity-manager/vendor/laravel/framework/src/Illuminate/Pipeline/Pipeline.php(219): Illuminate/Foundation/Http/Middleware/PreventRequestsDuringMaintenance->handle(Object(Illuminate/Http/Request), Object(Closure))
#41 C:/Users/Nakata/Documents/Proyek 3/praktikum_modul_3_251511009_nakata/Modul3/activity-manager/vendor/laravel/framework/src/Illuminate/Http/Middleware/HandleCors.php(61): Illuminate/Pipeline/Pipeline->{closure:{closure:Illuminate/Pipeline/Pipeline::carry():194}:195}(Object(Illuminate/Http/Request))
#42 C:/Users/Nakata/Documents/Proyek 3/praktikum_modul_3_251511009_nakata/Modul3/activity-manager/vendor/laravel/framework/src/Illuminate/Pipeline/Pipeline.php(219): Illuminate/Http/Middleware/HandleCors->handle(Object(Illuminate/Http/Request), Object(Closure))
#43 C:/Users/Nakata/Documents/Proyek 3/praktikum_modul_3_251511009_nakata/Modul3/activity-manager/vendor/laravel/framework/src/Illuminate/Http/Middleware/TrustProxies.php(58): Illuminate/Pipeline/Pipeline->{closure:{closure:Illuminate/Pipeline/Pipeline::carry():194}:195}(Object(Illuminate/Http/Request))
#44 C:/Users/Nakata/Documents/Proyek 3/praktikum_modul_3_251511009_nakata/Modul3/activity-manager/vendor/laravel/framework/src/Illuminate/Pipeline/Pipeline.php(219): Illuminate/Http/Middleware/TrustProxies->handle(Object(Illuminate/Http/Request), Object(Closure))
#45 C:/Users/Nakata/Documents/Proyek 3/praktikum_modul_3_251511009_nakata/Modul3/activity-manager/vendor/laravel/framework/src/Illuminate/Foundation/Http/Middleware/InvokeDeferredCallbacks.php(22): Illuminate/Pipeline/Pipeline->{closure:{closure:Illuminate/Pipeline/Pipeline::carry():194}:195}(Object(Illuminate/Http/Request))
#46 C:/Users/Nakata/Documents/Proyek 3/praktikum_modul_3_251511009_nakata/Modul3/activity-manager/vendor/laravel/framework/src/Illuminate/Pipeline/Pipeline.php(219): Illuminate/Foundation/Http/Middleware/InvokeDeferredCallbacks->handle(Object(Illuminate/Http/Request), Object(Closure))
#47 C:/Users/Nakata/Documents/Proyek 3/praktikum_modul_3_251511009_nakata/Modul3/activity-manager/vendor/laravel/framework/src/Illuminate/Http/Middleware/ValidatePathEncoding.php(28): Illuminate/Pipeline/Pipeline->{closure:{closure:Illuminate/Pipeline/Pipeline::carry():194}:195}(Object(Illuminate/Http/Request))
#48 C:/Users/Nakata/Documents/Proyek 3/praktikum_modul_3_251511009_nakata/Modul3/activity-manager/vendor/laravel/framework/src/Illuminate/Pipeline/Pipeline.php(219): Illuminate/Http/Middleware/ValidatePathEncoding->handle(Object(Illuminate/Http/Request), Object(Closure))
#49 C:/Users/Nakata/Documents/Proyek 3/praktikum_modul_3_251511009_nakata/Modul3/activity-manager/vendor/laravel/framework/src/Illuminate/Pipeline/Pipeline.php(137): Illuminate/Pipeline/Pipeline->{closure:{closure:Illuminate/Pipeline/Pipeline::carry():194}:195}(Object(Illuminate/Http/Request))
#50 C:/Users/Nakata/Documents/Proyek 3/praktikum_modul_3_251511009_nakata/Modul3/activity-manager/vendor/laravel/framework/src/Illuminate/Foundation/Http/Kernel.php(175): Illuminate/Pipeline/Pipeline->then(Object(Closure))
#51 C:/Users/Nakata/Documents/Proyek 3/praktikum_modul_3_251511009_nakata/Modul3/activity-manager/vendor/laravel/framework/src/Illuminate/Foundation/Http/Kernel.php(144): Illuminate/Foundation/Http/Kernel->sendRequestThroughRouter(Object(Illuminate/Http/Request))
#52 C:/Users/Nakata/Documents/Proyek 3/praktikum_modul_3_251511009_nakata/Modul3/activity-manager/vendor/laravel/framework/src/Illuminate/Foundation/Application.php(1227): Illuminate/Foundation/Http/Kernel->handle(Object(Illuminate/Http/Request))
#53 C:/Users/Nakata/Documents/Proyek 3/praktikum_modul_3_251511009_nakata/Modul3/activity-manager/public/index.php(20): Illuminate/Foundation/Application->handleRequest(Object(Illuminate/Http/Request))
#54 C:/Users/Nakata/Documents/Proyek 3/praktikum_modul_3_251511009_nakata/Modul3/activity-manager/vendor/laravel/framework/src/Illuminate/Foundation/resources/server.php(23): require_once('C://Users//Nakata...')
#55 {main}

[previous exception] [object] (Illuminate\\View\\ViewException(code: 0): Vite manifest not found at: C:\\Users\\Nakata\\Documents\\Proyek 3\\praktikum_modul_3_251511009_nakata\\Modul3\\activity-manager\\public\\build/manifest.json (View: C:\\Users\\Nakata\\Documents\\Proyek 3\\praktikum_modul_3_251511009_nakata\\Modul3\\activity-manager\\resources\\views\\layouts\\app.blade.php) at C:/Users/Nakata/Documents/Proyek 3/praktikum_modul_3_251511009_nakata/Modul3/activity-manager/vendor/laravel/framework/src/Illuminate/Foundation/Vite.php:974)
[stacktrace]
#0 C:/Users/Nakata/Documents/Proyek 3/praktikum_modul_3_251511009_nakata/Modul3/activity-manager/vendor/laravel/framework/src/Illuminate/View/Engines/PhpEngine.php(59): Illuminate/View/Engines/CompilerEngine->handleViewException(Object(Illuminate/Foundation/ViteManifestNotFoundException), 1)
#1 C:/Users/Nakata/Documents/Proyek 3/praktikum_modul_3_251511009_nakata/Modul3/activity-manager/vendor/laravel/framework/src/Illuminate/View/Engines/CompilerEngine.php(76): Illuminate/View/Engines/PhpEngine->evaluatePath('C://Users//Nakata...', Array)
#2 C:/Users/Nakata/Documents/Proyek 3/praktikum_modul_3_251511009_nakata/Modul3/activity-manager/vendor/laravel/framework/src/Illuminate/View/View.php(208): Illuminate/View/Engines/CompilerEngine->get('C://Users//Nakata...', Array)
#3 C:/Users/Nakata/Documents/Proyek 3/praktikum_modul_3_251511009_nakata/Modul3/activity-manager/vendor/laravel/framework/src/Illuminate/View/View.php(191): Illuminate/View/View->getContents()
#4 C:/Users/Nakata/Documents/Proyek 3/praktikum_modul_3_251511009_nakata/Modul3/activity-manager/vendor/laravel/framework/src/Illuminate/View/View.php(160): Illuminate/View/View->renderContents()
#5 C:/Users/Nakata/Documents/Proyek 3/praktikum_modul_3_251511009_nakata/Modul3/activity-manager/storage/framework/views/161347b359dc333522c4812a28465cc2.php(25): Illuminate/View/View->render()
#6 C:/Users/Nakata/Documents/Proyek 3/praktikum_modul_3_251511009_nakata/Modul3/activity-manager/vendor/laravel/framework/src/Illuminate/Filesystem/Filesystem.php(123): require('C://Users//Nakata...')
#7 C:/Users/Nakata/Documents/Proyek 3/praktikum_modul_3_251511009_nakata/Modul3/activity-manager/vendor/laravel/framework/src/Illuminate/Filesystem/Filesystem.php(124): Illuminate/Filesystem/Filesystem::{closure:Illuminate/Filesystem/Filesystem::getRequire():120}()
#8 C:/Users/Nakata/Documents/Proyek 3/praktikum_modul_3_251511009_nakata/Modul3/activity-manager/vendor/laravel/framework/src/Illuminate/View/Engines/PhpEngine.php(57): Illuminate/Filesystem/Filesystem->getRequire('C://Users//Nakata...', Array)
#9 C:/Users/Nakata/Documents/Proyek 3/praktikum_modul_3_251511009_nakata/Modul3/activity-manager/vendor/laravel/framework/src/Illuminate/View/Engines/CompilerEngine.php(76): Illuminate/View/Engines/PhpEngine->evaluatePath('C://Users//Nakata...', Array)
#10 C:/Users/Nakata/Documents/Proyek 3/praktikum_modul_3_251511009_nakata/Modul3/activity-manager/vendor/laravel/framework/src/Illuminate/View/View.php(208): Illuminate/View/Engines/CompilerEngine->get('C://Users//Nakata...', Array)
#11 C:/Users/Nakata/Documents/Proyek 3/praktikum_modul_3_251511009_nakata/Modul3/activity-manager/vendor/laravel/framework/src/Illuminate/View/View.php(191): Illuminate/View/View->getContents()
#12 C:/Users/Nakata/Documents/Proyek 3/praktikum_modul_3_251511009_nakata/Modul3/activity-manager/vendor/laravel/framework/src/Illuminate/View/View.php(160): Illuminate/View/View->renderContents()
#13 C:/Users/Nakata/Documents/Proyek 3/praktikum_modul_3_251511009_nakata/Modul3/activity-manager/vendor/laravel/framework/src/Illuminate/Http/Response.php(82): Illuminate/View/View->render()
#14 C:/Users/Nakata/Documents/Proyek 3/praktikum_modul_3_251511009_nakata/Modul3/activity-manager/vendor/laravel/framework/src/Illuminate/Http/Response.php(40): Illuminate/Http/Response->setContent(Object(Illuminate/View/View))
#15 C:/Users/Nakata/Documents/Proyek 3/praktikum_modul_3_251511009_nakata/Modul3/activity-manager/vendor/laravel/framework/src/Illuminate/Routing/Router.php(939): Illuminate/Http/Response->__construct(Object(Illuminate/View/View), 200, Array)
#16 C:/Users/Nakata/Documents/Proyek 3/praktikum_modul_3_251511009_nakata/Modul3/activity-manager/vendor/laravel/framework/src/Illuminate/Routing/Router.php(906): Illuminate/Routing/Router::toResponse(Object(Illuminate/Http/Request), Object(Illuminate/View/View))
#17 C:/Users/Nakata/Documents/Proyek 3/praktikum_modul_3_251511009_nakata/Modul3/activity-manager/vendor/laravel/framework/src/Illuminate/Routing/Router.php(821): Illuminate/Routing/Router->prepareResponse(Object(Illuminate/Http/Request), Object(Illuminate/View/View))
#18 C:/Users/Nakata/Documents/Proyek 3/praktikum_modul_3_251511009_nakata/Modul3/activity-manager/vendor/laravel/framework/src/Illuminate/Pipeline/Pipeline.php(180): Illuminate/Routing/Router->{closure:Illuminate/Routing/Router::runRouteWithinStack():821}(Object(Illuminate/Http/Request))
#19 C:/Users/Nakata/Documents/Proyek 3/praktikum_modul_3_251511009_nakata/Modul3/activity-manager/vendor/laravel/framework/src/Illuminate/Routing/Middleware/SubstituteBindings.php(52): Illuminate/Pipeline/Pipeline->{closure:Illuminate/Pipeline/Pipeline::prepareDestination():178}(Object(Illuminate/Http/Request))
#20 C:/Users/Nakata/Documents/Proyek 3/praktikum_modul_3_251511009_nakata/Modul3/activity-manager/vendor/laravel/framework/src/Illuminate/Pipeline/Pipeline.php(219): Illuminate/Routing/Middleware/SubstituteBindings->handle(Object(Illuminate/Http/Request), Object(Closure))
#21 C:/Users/Nakata/Documents/Proyek 3/praktikum_modul_3_251511009_nakata/Modul3/activity-manager/vendor/laravel/framework/src/Illuminate/Foundation/Http/Middleware/PreventRequestForgery.php(104): Illuminate/Pipeline/Pipeline->{closure:{closure:Illuminate/Pipeline/Pipeline::carry():194}:195}(Object(Illuminate/Http/Request))
#22 C:/Users/Nakata/Documents/Proyek 3/praktikum_modul_3_251511009_nakata/Modul3/activity-manager/vendor/laravel/framework/src/Illuminate/Pipeline/Pipeline.php(219): Illuminate/Foundation/Http/Middleware/PreventRequestForgery->handle(Object(Illuminate/Http/Request), Object(Closure))
#23 C:/Users/Nakata/Documents/Proyek 3/praktikum_modul_3_251511009_nakata/Modul3/activity-manager/vendor/laravel/framework/src/Illuminate/View/Middleware/ShareErrorsFromSession.php(48): Illuminate/Pipeline/Pipeline->{closure:{closure:Illuminate/Pipeline/Pipeline::carry():194}:195}(Object(Illuminate/Http/Request))
#24 C:/Users/Nakata/Documents/Proyek 3/praktikum_modul_3_251511009_nakata/Modul3/activity-manager/vendor/laravel/framework/src/Illuminate/Pipeline/Pipeline.php(219): Illuminate/View/Middleware/ShareErrorsFromSession->handle(Object(Illuminate/Http/Request), Object(Closure))
#25 C:/Users/Nakata/Documents/Proyek 3/praktikum_modul_3_251511009_nakata/Modul3/activity-manager/vendor/laravel/framework/src/Illuminate/Session/Middleware/StartSession.php(120): Illuminate/Pipeline/Pipeline->{closure:{closure:Illuminate/Pipeline/Pipeline::carry():194}:195}(Object(Illuminate/Http/Request))
#26 C:/Users/Nakata/Documents/Proyek 3/praktikum_modul_3_251511009_nakata/Modul3/activity-manager/vendor/laravel/framework/src/Illuminate/Session/Middleware/StartSession.php(63): Illuminate/Session/Middleware/StartSession->handleStatefulRequest(Object(Illuminate/Http/Request), Object(Illuminate/Session/Store), Object(Closure))
#27 C:/Users/Nakata/Documents/Proyek 3/praktikum_modul_3_251511009_nakata/Modul3/activity-manager/vendor/laravel/framework/src/Illuminate/Pipeline/Pipeline.php(219): Illuminate/Session/Middleware/StartSession->handle(Object(Illuminate/Http/Request), Object(Closure))
#28 C:/Users/Nakata/Documents/Proyek 3/praktikum_modul_3_251511009_nakata/Modul3/activity-manager/vendor/laravel/framework/src/Illuminate/Cookie/Middleware/AddQueuedCookiesToResponse.php(36): Illuminate/Pipeline/Pipeline->{closure:{closure:Illuminate/Pipeline/Pipeline::carry():194}:195}(Object(Illuminate/Http/Request))
#29 C:/Users/Nakata/Documents/Proyek 3/praktikum_modul_3_251511009_nakata/Modul3/activity-manager/vendor/laravel/framework/src/Illuminate/Pipeline/Pipeline.php(219): Illuminate/Cookie/Middleware/AddQueuedCookiesToResponse->handle(Object(Illuminate/Http/Request), Object(Closure))
#30 C:/Users/Nakata/Documents/Proyek 3/praktikum_modul_3_251511009_nakata/Modul3/activity-manager/vendor/laravel/framework/src/Illuminate/Cookie/Middleware/EncryptCookies.php(74): Illuminate/Pipeline/Pipeline->{closure:{closure:Illuminate/Pipeline/Pipeline::carry():194}:195}(Object(Illuminate/Http/Request))
#31 C:/Users/Nakata/Documents/Proyek 3/praktikum_modul_3_251511009_nakata/Modul3/activity-manager/vendor/laravel/framework/src/Illuminate/Pipeline/Pipeline.php(219): Illuminate/Cookie/Middleware/EncryptCookies->handle(Object(Illuminate/Http/Request), Object(Closure))
#32 C:/Users/Nakata/Documents/Proyek 3/praktikum_modul_3_251511009_nakata/Modul3/activity-manager/vendor/laravel/framework/src/Illuminate/Pipeline/Pipeline.php(137): Illuminate/Pipeline/Pipeline->{closure:{closure:Illuminate/Pipeline/Pipeline::carry():194}:195}(Object(Illuminate/Http/Request))
#33 C:/Users/Nakata/Documents/Proyek 3/praktikum_modul_3_251511009_nakata/Modul3/activity-manager/vendor/laravel/framework/src/Illuminate/Routing/Router.php(821): Illuminate/Pipeline/Pipeline->then(Object(Closure))
#34 C:/Users/Nakata/Documents/Proyek 3/praktikum_modul_3_251511009_nakata/Modul3/activity-manager/vendor/laravel/framework/src/Illuminate/Routing/Router.php(800): Illuminate/Routing/Router->runRouteWithinStack(Object(Illuminate/Routing/Route), Object(Illuminate/Http/Request))
#35 C:/Users/Nakata/Documents/Proyek 3/praktikum_modul_3_251511009_nakata/Modul3/activity-manager/vendor/laravel/framework/src/Illuminate/Routing/Router.php(764): Illuminate/Routing/Router->runRoute(Object(Illuminate/Http/Request), Object(Illuminate/Routing/Route))
#36 C:/Users/Nakata/Documents/Proyek 3/praktikum_modul_3_251511009_nakata/Modul3/activity-manager/vendor/laravel/framework/src/Illuminate/Routing/Router.php(753): Illuminate/Routing/Router->dispatchToRoute(Object(Illuminate/Http/Request))
#37 C:/Users/Nakata/Documents/Proyek 3/praktikum_modul_3_251511009_nakata/Modul3/activity-manager/vendor/laravel/framework/src/Illuminate/Foundation/Http/Kernel.php(200): Illuminate/Routing/Router->dispatch(Object(Illuminate/Http/Request))
#38 C:/Users/Nakata/Documents/Proyek 3/praktikum_modul_3_251511009_nakata/Modul3/activity-manager/vendor/laravel/framework/src/Illuminate/Pipeline/Pipeline.php(180): Illuminate/Foundation/Http/Kernel->{closure:Illuminate/Foundation/Http/Kernel::dispatchToRouter():197}(Object(Illuminate/Http/Request))
#39 C:/Users/Nakata/Documents/Proyek 3/praktikum_modul_3_251511009_nakata/Modul3/activity-manager/vendor/laravel/framework/src/Illuminate/Foundation/Http/Middleware/TransformsRequest.php(21): Illuminate/Pipeline/Pipeline->{closure:Illuminate/Pipeline/Pipeline::prepareDestination():178}(Object(Illuminate/Http/Request))
#40 C:/Users/Nakata/Documents/Proyek 3/praktikum_modul_3_251511009_nakata/Modul3/activity-manager/vendor/laravel/framework/src/Illuminate/Foundation/Http/Middleware/ConvertEmptyStringsToNull.php(31): Illuminate/Foundation/Http/Middleware/TransformsRequest->handle(Object(Illuminate/Http/Request), Object(Closure))
#41 C:/Users/Nakata/Documents/Proyek 3/praktikum_modul_3_251511009_nakata/Modul3/activity-manager/vendor/laravel/framework/src/Illuminate/Pipeline/Pipeline.php(219): Illuminate/Foundation/Http/Middleware/ConvertEmptyStringsToNull->handle(Object(Illuminate/Http/Request), Object(Closure))
#42 C:/Users/Nakata/Documents/Proyek 3/praktikum_modul_3_251511009_nakata/Modul3/activity-manager/vendor/laravel/framework/src/Illuminate/Foundation/Http/Middleware/TransformsRequest.php(21): Illuminate/Pipeline/Pipeline->{closure:{closure:Illuminate/Pipeline/Pipeline::carry():194}:195}(Object(Illuminate/Http/Request))
#43 C:/Users/Nakata/Documents/Proyek 3/praktikum_modul_3_251511009_nakata/Modul3/activity-manager/vendor/laravel/framework/src/Illuminate/Foundation/Http/Middleware/TrimStrings.php(51): Illuminate/Foundation/Http/Middleware/TransformsRequest->handle(Object(Illuminate/Http/Request), Object(Closure))
#44 C:/Users/Nakata/Documents/Proyek 3/praktikum_modul_3_251511009_nakata/Modul3/activity-manager/vendor/laravel/framework/src/Illuminate/Pipeline/Pipeline.php(219): Illuminate/Foundation/Http/Middleware/TrimStrings->handle(Object(Illuminate/Http/Request), Object(Closure))
#45 C:/Users/Nakata/Documents/Proyek 3/praktikum_modul_3_251511009_nakata/Modul3/activity-manager/vendor/laravel/framework/src/Illuminate/Http/Middleware/ValidatePostSize.php(27): Illuminate/Pipeline/Pipeline->{closure:{closure:Illuminate/Pipeline/Pipeline::carry():194}:195}(Object(Illuminate/Http/Request))
#46 C:/Users/Nakata/Documents/Proyek 3/praktikum_modul_3_251511009_nakata/Modul3/activity-manager/vendor/laravel/framework/src/Illuminate/Pipeline/Pipeline.php(219): Illuminate/Http/Middleware/ValidatePostSize->handle(Object(Illuminate/Http/Request), Object(Closure))
#47 C:/Users/Nakata/Documents/Proyek 3/praktikum_modul_3_251511009_nakata/Modul3/activity-manager/vendor/laravel/framework/src/Illuminate/Foundation/Http/Middleware/PreventRequestsDuringMaintenance.php(110): Illuminate/Pipeline/Pipeline->{closure:{closure:Illuminate/Pipeline/Pipeline::carry():194}:195}(Object(Illuminate/Http/Request))
#48 C:/Users/Nakata/Documents/Proyek 3/praktikum_modul_3_251511009_nakata/Modul3/activity-manager/vendor/laravel/framework/src/Illuminate/Pipeline/Pipeline.php(219): Illuminate/Foundation/Http/Middleware/PreventRequestsDuringMaintenance->handle(Object(Illuminate/Http/Request), Object(Closure))
#49 C:/Users/Nakata/Documents/Proyek 3/praktikum_modul_3_251511009_nakata/Modul3/activity-manager/vendor/laravel/framework/src/Illuminate/Http/Middleware/HandleCors.php(61): Illuminate/Pipeline/Pipeline->{closure:{closure:Illuminate/Pipeline/Pipeline::carry():194}:195}(Object(Illuminate/Http/Request))
#50 C:/Users/Nakata/Documents/Proyek 3/praktikum_modul_3_251511009_nakata/Modul3/activity-manager/vendor/laravel/framework/src/Illuminate/Pipeline/Pipeline.php(219): Illuminate/Http/Middleware/HandleCors->handle(Object(Illuminate/Http/Request), Object(Closure))
#51 C:/Users/Nakata/Documents/Proyek 3/praktikum_modul_3_251511009_nakata/Modul3/activity-manager/vendor/laravel/framework/src/Illuminate/Http/Middleware/TrustProxies.php(58): Illuminate/Pipeline/Pipeline->{closure:{closure:Illuminate/Pipeline/Pipeline::carry():194}:195}(Object(Illuminate/Http/Request))
#52 C:/Users/Nakata/Documents/Proyek 3/praktikum_modul_3_251511009_nakata/Modul3/activity-manager/vendor/laravel/framework/src/Illuminate/Pipeline/Pipeline.php(219): Illuminate/Http/Middleware/TrustProxies->handle(Object(Illuminate/Http/Request), Object(Closure))
#53 C:/Users/Nakata/Documents/Proyek 3/praktikum_modul_3_251511009_nakata/Modul3/activity-manager/vendor/laravel/framework/src/Illuminate/Foundation/Http/Middleware/InvokeDeferredCallbacks.php(22): Illuminate/Pipeline/Pipeline->{closure:{closure:Illuminate/Pipeline/Pipeline::carry():194}:195}(Object(Illuminate/Http/Request))
#54 C:/Users/Nakata/Documents/Proyek 3/praktikum_modul_3_251511009_nakata/Modul3/activity-manager/vendor/laravel/framework/src/Illuminate/Pipeline/Pipeline.php(219): Illuminate/Foundation/Http/Middleware/InvokeDeferredCallbacks->handle(Object(Illuminate/Http/Request), Object(Closure))
#55 C:/Users/Nakata/Documents/Proyek 3/praktikum_modul_3_251511009_nakata/Modul3/activity-manager/vendor/laravel/framework/src/Illuminate/Http/Middleware/ValidatePathEncoding.php(28): Illuminate/Pipeline/Pipeline->{closure:{closure:Illuminate/Pipeline/Pipeline::carry():194}:195}(Object(Illuminate/Http/Request))
#56 C:/Users/Nakata/Documents/Proyek 3/praktikum_modul_3_251511009_nakata/Modul3/activity-manager/vendor/laravel/framework/src/Illuminate/Pipeline/Pipeline.php(219): Illuminate/Http/Middleware/ValidatePathEncoding->handle(Object(Illuminate/Http/Request), Object(Closure))
#57 C:/Users/Nakata/Documents/Proyek 3/praktikum_modul_3_251511009_nakata/Modul3/activity-manager/vendor/laravel/framework/src/Illuminate/Pipeline/Pipeline.php(137): Illuminate/Pipeline/Pipeline->{closure:{closure:Illuminate/Pipeline/Pipeline::carry():194}:195}(Object(Illuminate/Http/Request))
#58 C:/Users/Nakata/Documents/Proyek 3/praktikum_modul_3_251511009_nakata/Modul3/activity-manager/vendor/laravel/framework/src/Illuminate/Foundation/Http/Kernel.php(175): Illuminate/Pipeline/Pipeline->then(Object(Closure))
#59 C:/Users/Nakata/Documents/Proyek 3/praktikum_modul_3_251511009_nakata/Modul3/activity-manager/vendor/laravel/framework/src/Illuminate/Foundation/Http/Kernel.php(144): Illuminate/Foundation/Http/Kernel->sendRequestThroughRouter(Object(Illuminate/Http/Request))
#60 C:/Users/Nakata/Documents/Proyek 3/praktikum_modul_3_251511009_nakata/Modul3/activity-manager/vendor/laravel/framework/src/Illuminate/Foundation/Application.php(1227): Illuminate/Foundation/Http/Kernel->handle(Object(Illuminate/Http/Request))
#61 C:/Users/Nakata/Documents/Proyek 3/praktikum_modul_3_251511009_nakata/Modul3/activity-manager/public/index.php(20): Illuminate/Foundation/Application->handleRequest(Object(Illuminate/Http/Request))
#62 C:/Users/Nakata/Documents/Proyek 3/praktikum_modul_3_251511009_nakata/Modul3/activity-manager/vendor/laravel/framework/src/Illuminate/Foundation/resources/server.php(23): require_once('C://Users//Nakata...')
#63 {main}

[previous exception] [object] (Illuminate\\Foundation\\ViteManifestNotFoundException(code: 0): Vite manifest not found at: C:\\Users\\Nakata\\Documents\\Proyek 3\\praktikum_modul_3_251511009_nakata\\Modul3\\activity-manager\\public\\build/manifest.json at C:/Users/Nakata/Documents/Proyek 3/praktikum_modul_3_251511009_nakata/Modul3/activity-manager/vendor/laravel/framework/src/Illuminate/Foundation/Vite.php:974)
[stacktrace]
#0 C:/Users/Nakata/Documents/Proyek 3/praktikum_modul_3_251511009_nakata/Modul3/activity-manager/vendor/laravel/framework/src/Illuminate/Foundation/Vite.php(398): Illuminate/Foundation/Vite->manifest('build')
#1 C:/Users/Nakata/Documents/Proyek 3/praktikum_modul_3_251511009_nakata/Modul3/activity-manager/storage/framework/views/dd8d00d47f5c830c8f857ce5e0aaa73a.php(7): Illuminate/Foundation/Vite->__invoke(Object(Illuminate/Support/Collection))
#2 C:/Users/Nakata/Documents/Proyek 3/praktikum_modul_3_251511009_nakata/Modul3/activity-manager/vendor/laravel/framework/src/Illuminate/Filesystem/Filesystem.php(123): require('C://Users//Nakata...')
#3 C:/Users/Nakata/Documents/Proyek 3/praktikum_modul_3_251511009_nakata/Modul3/activity-manager/vendor/laravel/framework/src/Illuminate/Filesystem/Filesystem.php(124): Illuminate/Filesystem/Filesystem::{closure:Illuminate/Filesystem/Filesystem::getRequire():120}()
#4 C:/Users/Nakata/Documents/Proyek 3/praktikum_modul_3_251511009_nakata/Modul3/activity-manager/vendor/laravel/framework/src/Illuminate/View/Engines/PhpEngine.php(57): Illuminate/Filesystem/Filesystem->getRequire('C://Users//Nakata...', Array)
#5 C:/Users/Nakata/Documents/Proyek 3/praktikum_modul_3_251511009_nakata/Modul3/activity-manager/vendor/laravel/framework/src/Illuminate/View/Engines/CompilerEngine.php(76): Illuminate/View/Engines/PhpEngine->evaluatePath('C://Users//Nakata...', Array)
#6 C:/Users/Nakata/Documents/Proyek 3/praktikum_modul_3_251511009_nakata/Modul3/activity-manager/vendor/laravel/framework/src/Illuminate/View/View.php(208): Illuminate/View/Engines/CompilerEngine->get('C://Users//Nakata...', Array)
#7 C:/Users/Nakata/Documents/Proyek 3/praktikum_modul_3_251511009_nakata/Modul3/activity-manager/vendor/laravel/framework/src/Illuminate/View/View.php(191): Illuminate/View/View->getContents()
#8 C:/Users/Nakata/Documents/Proyek 3/praktikum_modul_3_251511009_nakata/Modul3/activity-manager/vendor/laravel/framework/src/Illuminate/View/View.php(160): Illuminate/View/View->renderContents()
#9 C:/Users/Nakata/Documents/Proyek 3/praktikum_modul_3_251511009_nakata/Modul3/activity-manager/storage/framework/views/161347b359dc333522c4812a28465cc2.php(25): Illuminate/View/View->render()
#10 C:/Users/Nakata/Documents/Proyek 3/praktikum_modul_3_251511009_nakata/Modul3/activity-manager/vendor/laravel/framework/src/Illuminate/Filesystem/Filesystem.php(123): require('C://Users//Nakata...')
#11 C:/Users/Nakata/Documents/Proyek 3/praktikum_modul_3_251511009_nakata/Modul3/activity-manager/vendor/laravel/framework/src/Illuminate/Filesystem/Filesystem.php(124): Illuminate/Filesystem/Filesystem::{closure:Illuminate/Filesystem/Filesystem::getRequire():120}()
#12 C:/Users/Nakata/Documents/Proyek 3/praktikum_modul_3_251511009_nakata/Modul3/activity-manager/vendor/laravel/framework/src/Illuminate/View/Engines/PhpEngine.php(57): Illuminate/Filesystem/Filesystem->getRequire('C://Users//Nakata...', Array)
#13 C:/Users/Nakata/Documents/Proyek 3/praktikum_modul_3_251511009_nakata/Modul3/activity-manager/vendor/laravel/framework/src/Illuminate/View/Engines/CompilerEngine.php(76): Illuminate/View/Engines/PhpEngine->evaluatePath('C://Users//Nakata...', Array)
#14 C:/Users/Nakata/Documents/Proyek 3/praktikum_modul_3_251511009_nakata/Modul3/activity-manager/vendor/laravel/framework/src/Illuminate/View/View.php(208): Illuminate/View/Engines/CompilerEngine->get('C://Users//Nakata...', Array)
#15 C:/Users/Nakata/Documents/Proyek 3/praktikum_modul_3_251511009_nakata/Modul3/activity-manager/vendor/laravel/framework/src/Illuminate/View/View.php(191): Illuminate/View/View->getContents()
#16 C:/Users/Nakata/Documents/Proyek 3/praktikum_modul_3_251511009_nakata/Modul3/activity-manager/vendor/laravel/framework/src/Illuminate/View/View.php(160): Illuminate/View/View->renderContents()
#17 C:/Users/Nakata/Documents/Proyek 3/praktikum_modul_3_251511009_nakata/Modul3/activity-manager/vendor/laravel/framework/src/Illuminate/Http/Response.php(82): Illuminate/View/View->render()
#18 C:/Users/Nakata/Documents/Proyek 3/praktikum_modul_3_251511009_nakata/Modul3/activity-manager/vendor/laravel/framework/src/Illuminate/Http/Response.php(40): Illuminate/Http/Response->setContent(Object(Illuminate/View/View))
#19 C:/Users/Nakata/Documents/Proyek 3/praktikum_modul_3_251511009_nakata/Modul3/activity-manager/vendor/laravel/framework/src/Illuminate/Routing/Router.php(939): Illuminate/Http/Response->__construct(Object(Illuminate/View/View), 200, Array)
#20 C:/Users/Nakata/Documents/Proyek 3/praktikum_modul_3_251511009_nakata/Modul3/activity-manager/vendor/laravel/framework/src/Illuminate/Routing/Router.php(906): Illuminate/Routing/Router::toResponse(Object(Illuminate/Http/Request), Object(Illuminate/View/View))
#21 C:/Users/Nakata/Documents/Proyek 3/praktikum_modul_3_251511009_nakata/Modul3/activity-manager/vendor/laravel/framework/src/Illuminate/Routing/Router.php(821): Illuminate/Routing/Router->prepareResponse(Object(Illuminate/Http/Request), Object(Illuminate/View/View))
#22 C:/Users/Nakata/Documents/Proyek 3/praktikum_modul_3_251511009_nakata/Modul3/activity-manager/vendor/laravel/framework/src/Illuminate/Pipeline/Pipeline.php(180): Illuminate/Routing/Router->{closure:Illuminate/Routing/Router::runRouteWithinStack():821}(Object(Illuminate/Http/Request))
#23 C:/Users/Nakata/Documents/Proyek 3/praktikum_modul_3_251511009_nakata/Modul3/activity-manager/vendor/laravel/framework/src/Illuminate/Routing/Middleware/SubstituteBindings.php(52): Illuminate/Pipeline/Pipeline->{closure:Illuminate/Pipeline/Pipeline::prepareDestination():178}(Object(Illuminate/Http/Request))
#24 C:/Users/Nakata/Documents/Proyek 3/praktikum_modul_3_251511009_nakata/Modul3/activity-manager/vendor/laravel/framework/src/Illuminate/Pipeline/Pipeline.php(219): Illuminate/Routing/Middleware/SubstituteBindings->handle(Object(Illuminate/Http/Request), Object(Closure))
#25 C:/Users/Nakata/Documents/Proyek 3/praktikum_modul_3_251511009_nakata/Modul3/activity-manager/vendor/laravel/framework/src/Illuminate/Foundation/Http/Middleware/PreventRequestForgery.php(104): Illuminate/Pipeline/Pipeline->{closure:{closure:Illuminate/Pipeline/Pipeline::carry():194}:195}(Object(Illuminate/Http/Request))
#26 C:/Users/Nakata/Documents/Proyek 3/praktikum_modul_3_251511009_nakata/Modul3/activity-manager/vendor/laravel/framework/src/Illuminate/Pipeline/Pipeline.php(219): Illuminate/Foundation/Http/Middleware/PreventRequestForgery->handle(Object(Illuminate/Http/Request), Object(Closure))
#27 C:/Users/Nakata/Documents/Proyek 3/praktikum_modul_3_251511009_nakata/Modul3/activity-manager/vendor/laravel/framework/src/Illuminate/View/Middleware/ShareErrorsFromSession.php(48): Illuminate/Pipeline/Pipeline->{closure:{closure:Illuminate/Pipeline/Pipeline::carry():194}:195}(Object(Illuminate/Http/Request))
#28 C:/Users/Nakata/Documents/Proyek 3/praktikum_modul_3_251511009_nakata/Modul3/activity-manager/vendor/laravel/framework/src/Illuminate/Pipeline/Pipeline.php(219): Illuminate/View/Middleware/ShareErrorsFromSession->handle(Object(Illuminate/Http/Request), Object(Closure))
#29 C:/Users/Nakata/Documents/Proyek 3/praktikum_modul_3_251511009_nakata/Modul3/activity-manager/vendor/laravel/framework/src/Illuminate/Session/Middleware/StartSession.php(120): Illuminate/Pipeline/Pipeline->{closure:{closure:Illuminate/Pipeline/Pipeline::carry():194}:195}(Object(Illuminate/Http/Request))
#30 C:/Users/Nakata/Documents/Proyek 3/praktikum_modul_3_251511009_nakata/Modul3/activity-manager/vendor/laravel/framework/src/Illuminate/Session/Middleware/StartSession.php(63): Illuminate/Session/Middleware/StartSession->handleStatefulRequest(Object(Illuminate/Http/Request), Object(Illuminate/Session/Store), Object(Closure))
#31 C:/Users/Nakata/Documents/Proyek 3/praktikum_modul_3_251511009_nakata/Modul3/activity-manager/vendor/laravel/framework/src/Illuminate/Pipeline/Pipeline.php(219): Illuminate/Session/Middleware/StartSession->handle(Object(Illuminate/Http/Request), Object(Closure))
#32 C:/Users/Nakata/Documents/Proyek 3/praktikum_modul_3_251511009_nakata/Modul3/activity-manager/vendor/laravel/framework/src/Illuminate/Cookie/Middleware/AddQueuedCookiesToResponse.php(36): Illuminate/Pipeline/Pipeline->{closure:{closure:Illuminate/Pipeline/Pipeline::carry():194}:195}(Object(Illuminate/Http/Request))
#33 C:/Users/Nakata/Documents/Proyek 3/praktikum_modul_3_251511009_nakata/Modul3/activity-manager/vendor/laravel/framework/src/Illuminate/Pipeline/Pipeline.php(219): Illuminate/Cookie/Middleware/AddQueuedCookiesToResponse->handle(Object(Illuminate/Http/Request), Object(Closure))
#34 C:/Users/Nakata/Documents/Proyek 3/praktikum_modul_3_251511009_nakata/Modul3/activity-manager/vendor/laravel/framework/src/Illuminate/Cookie/Middleware/EncryptCookies.php(74): Illuminate/Pipeline/Pipeline->{closure:{closure:Illuminate/Pipeline/Pipeline::carry():194}:195}(Object(Illuminate/Http/Request))
#35 C:/Users/Nakata/Documents/Proyek 3/praktikum_modul_3_251511009_nakata/Modul3/activity-manager/vendor/laravel/framework/src/Illuminate/Pipeline/Pipeline.php(219): Illuminate/Cookie/Middleware/EncryptCookies->handle(Object(Illuminate/Http/Request), Object(Closure))
#36 C:/Users/Nakata/Documents/Proyek 3/praktikum_modul_3_251511009_nakata/Modul3/activity-manager/vendor/laravel/framework/src/Illuminate/Pipeline/Pipeline.php(137): Illuminate/Pipeline/Pipeline->{closure:{closure:Illuminate/Pipeline/Pipeline::carry():194}:195}(Object(Illuminate/Http/Request))
#37 C:/Users/Nakata/Documents/Proyek 3/praktikum_modul_3_251511009_nakata/Modul3/activity-manager/vendor/laravel/framework/src/Illuminate/Routing/Router.php(821): Illuminate/Pipeline/Pipeline->then(Object(Closure))
#38 C:/Users/Nakata/Documents/Proyek 3/praktikum_modul_3_251511009_nakata/Modul3/activity-manager/vendor/laravel/framework/src/Illuminate/Routing/Router.php(800): Illuminate/Routing/Router->runRouteWithinStack(Object(Illuminate/Routing/Route), Object(Illuminate/Http/Request))
#39 C:/Users/Nakata/Documents/Proyek 3/praktikum_modul_3_251511009_nakata/Modul3/activity-manager/vendor/laravel/framework/src/Illuminate/Routing/Router.php(764): Illuminate/Routing/Router->runRoute(Object(Illuminate/Http/Request), Object(Illuminate/Routing/Route))
#40 C:/Users/Nakata/Documents/Proyek 3/praktikum_modul_3_251511009_nakata/Modul3/activity-manager/vendor/laravel/framework/src/Illuminate/Routing/Router.php(753): Illuminate/Routing/Router->dispatchToRoute(Object(Illuminate/Http/Request))
#41 C:/Users/Nakata/Documents/Proyek 3/praktikum_modul_3_251511009_nakata/Modul3/activity-manager/vendor/laravel/framework/src/Illuminate/Foundation/Http/Kernel.php(200): Illuminate/Routing/Router->dispatch(Object(Illuminate/Http/Request))
#42 C:/Users/Nakata/Documents/Proyek 3/praktikum_modul_3_251511009_nakata/Modul3/activity-manager/vendor/laravel/framework/src/Illuminate/Pipeline/Pipeline.php(180): Illuminate/Foundation/Http/Kernel->{closure:Illuminate/Foundation/Http/Kernel::dispatchToRouter():197}(Object(Illuminate/Http/Request))
#43 C:/Users/Nakata/Documents/Proyek 3/praktikum_modul_3_251511009_nakata/Modul3/activity-manager/vendor/laravel/framework/src/Illuminate/Foundation/Http/Middleware/TransformsRequest.php(21): Illuminate/Pipeline/Pipeline->{closure:Illuminate/Pipeline/Pipeline::prepareDestination():178}(Object(Illuminate/Http/Request))
#44 C:/Users/Nakata/Documents/Proyek 3/praktikum_modul_3_251511009_nakata/Modul3/activity-manager/vendor/laravel/framework/src/Illuminate/Foundation/Http/Middleware/ConvertEmptyStringsToNull.php(31): Illuminate/Foundation/Http/Middleware/TransformsRequest->handle(Object(Illuminate/Http/Request), Object(Closure))
#45 C:/Users/Nakata/Documents/Proyek 3/praktikum_modul_3_251511009_nakata/Modul3/activity-manager/vendor/laravel/framework/src/Illuminate/Pipeline/Pipeline.php(219): Illuminate/Foundation/Http/Middleware/ConvertEmptyStringsToNull->handle(Object(Illuminate/Http/Request), Object(Closure))
#46 C:/Users/Nakata/Documents/Proyek 3/praktikum_modul_3_251511009_nakata/Modul3/activity-manager/vendor/laravel/framework/src/Illuminate/Foundation/Http/Middleware/TransformsRequest.php(21): Illuminate/Pipeline/Pipeline->{closure:{closure:Illuminate/Pipeline/Pipeline::carry():194}:195}(Object(Illuminate/Http/Request))
#47 C:/Users/Nakata/Documents/Proyek 3/praktikum_modul_3_251511009_nakata/Modul3/activity-manager/vendor/laravel/framework/src/Illuminate/Foundation/Http/Middleware/TrimStrings.php(51): Illuminate/Foundation/Http/Middleware/TransformsRequest->handle(Object(Illuminate/Http/Request), Object(Closure))
#48 C:/Users/Nakata/Documents/Proyek 3/praktikum_modul_3_251511009_nakata/Modul3/activity-manager/vendor/laravel/framework/src/Illuminate/Pipeline/Pipeline.php(219): Illuminate/Foundation/Http/Middleware/TrimStrings->handle(Object(Illuminate/Http/Request), Object(Closure))
#49 C:/Users/Nakata/Documents/Proyek 3/praktikum_modul_3_251511009_nakata/Modul3/activity-manager/vendor/laravel/framework/src/Illuminate/Http/Middleware/ValidatePostSize.php(27): Illuminate/Pipeline/Pipeline->{closure:{closure:Illuminate/Pipeline/Pipeline::carry():194}:195}(Object(Illuminate/Http/Request))
#50 C:/Users/Nakata/Documents/Proyek 3/praktikum_modul_3_251511009_nakata/Modul3/activity-manager/vendor/laravel/framework/src/Illuminate/Pipeline/Pipeline.php(219): Illuminate/Http/Middleware/ValidatePostSize->handle(Object(Illuminate/Http/Request), Object(Closure))
#51 C:/Users/Nakata/Documents/Proyek 3/praktikum_modul_3_251511009_nakata/Modul3/activity-manager/vendor/laravel/framework/src/Illuminate/Foundation/Http/Middleware/PreventRequestsDuringMaintenance.php(110): Illuminate/Pipeline/Pipeline->{closure:{closure:Illuminate/Pipeline/Pipeline::carry():194}:195}(Object(Illuminate/Http/Request))
#52 C:/Users/Nakata/Documents/Proyek 3/praktikum_modul_3_251511009_nakata/Modul3/activity-manager/vendor/laravel/framework/src/Illuminate/Pipeline/Pipeline.php(219): Illuminate/Foundation/Http/Middleware/PreventRequestsDuringMaintenance->handle(Object(Illuminate/Http/Request), Object(Closure))
#53 C:/Users/Nakata/Documents/Proyek 3/praktikum_modul_3_251511009_nakata/Modul3/activity-manager/vendor/laravel/framework/src/Illuminate/Http/Middleware/HandleCors.php(61): Illuminate/Pipeline/Pipeline->{closure:{closure:Illuminate/Pipeline/Pipeline::carry():194}:195}(Object(Illuminate/Http/Request))
#54 C:/Users/Nakata/Documents/Proyek 3/praktikum_modul_3_251511009_nakata/Modul3/activity-manager/vendor/laravel/framework/src/Illuminate/Pipeline/Pipeline.php(219): Illuminate/Http/Middleware/HandleCors->handle(Object(Illuminate/Http/Request), Object(Closure))
#55 C:/Users/Nakata/Documents/Proyek 3/praktikum_modul_3_251511009_nakata/Modul3/activity-manager/vendor/laravel/framework/src/Illuminate/Http/Middleware/TrustProxies.php(58): Illuminate/Pipeline/Pipeline->{closure:{closure:Illuminate/Pipeline/Pipeline::carry():194}:195}(Object(Illuminate/Http/Request))
#56 C:/Users/Nakata/Documents/Proyek 3/praktikum_modul_3_251511009_nakata/Modul3/activity-manager/vendor/laravel/framework/src/Illuminate/Pipeline/Pipeline.php(219): Illuminate/Http/Middleware/TrustProxies->handle(Object(Illuminate/Http/Request), Object(Closure))
#57 C:/Users/Nakata/Documents/Proyek 3/praktikum_modul_3_251511009_nakata/Modul3/activity-manager/vendor/laravel/framework/src/Illuminate/Foundation/Http/Middleware/InvokeDeferredCallbacks.php(22): Illuminate/Pipeline/Pipeline->{closure:{closure:Illuminate/Pipeline/Pipeline::carry():194}:195}(Object(Illuminate/Http/Request))
#58 C:/Users/Nakata/Documents/Proyek 3/praktikum_modul_3_251511009_nakata/Modul3/activity-manager/vendor/laravel/framework/src/Illuminate/Pipeline/Pipeline.php(219): Illuminate/Foundation/Http/Middleware/InvokeDeferredCallbacks->handle(Object(Illuminate/Http/Request), Object(Closure))
#59 C:/Users/Nakata/Documents/Proyek 3/praktikum_modul_3_251511009_nakata/Modul3/activity-manager/vendor/laravel/framework/src/Illuminate/Http/Middleware/ValidatePathEncoding.php(28): Illuminate/Pipeline/Pipeline->{closure:{closure:Illuminate/Pipeline/Pipeline::carry():194}:195}(Object(Illuminate/Http/Request))
#60 C:/Users/Nakata/Documents/Proyek 3/praktikum_modul_3_251511009_nakata/Modul3/activity-manager/vendor/laravel/framework/src/Illuminate/Pipeline/Pipeline.php(219): Illuminate/Http/Middleware/ValidatePathEncoding->handle(Object(Illuminate/Http/Request), Object(Closure))
#61 C:/Users/Nakata/Documents/Proyek 3/praktikum_modul_3_251511009_nakata/Modul3/activity-manager/vendor/laravel/framework/src/Illuminate/Pipeline/Pipeline.php(137): Illuminate/Pipeline/Pipeline->{closure:{closure:Illuminate/Pipeline/Pipeline::carry():194}:195}(Object(Illuminate/Http/Request))
#62 C:/Users/Nakata/Documents/Proyek 3/praktikum_modul_3_251511009_nakata/Modul3/activity-manager/vendor/laravel/framework/src/Illuminate/Foundation/Http/Kernel.php(175): Illuminate/Pipeline/Pipeline->then(Object(Closure))
#63 C:/Users/Nakata/Documents/Proyek 3/praktikum_modul_3_251511009_nakata/Modul3/activity-manager/vendor/laravel/framework/src/Illuminate/Foundation/Http/Kernel.php(144): Illuminate/Foundation/Http/Kernel->sendRequestThroughRouter(Object(Illuminate/Http/Request))
#64 C:/Users/Nakata/Documents/Proyek 3/praktikum_modul_3_251511009_nakata/Modul3/activity-manager/vendor/laravel/framework/src/Illuminate/Foundation/Application.php(1227): Illuminate/Foundation/Http/Kernel->handle(Object(Illuminate/Http/Request))
#65 C:/Users/Nakata/Documents/Proyek 3/praktikum_modul_3_251511009_nakata/Modul3/activity-manager/public/index.php(20): Illuminate/Foundation/Application->handleRequest(Object(Illuminate/Http/Request))
#66 C:/Users/Nakata/Documents/Proyek 3/praktikum_modul_3_251511009_nakata/Modul3/activity-manager/vendor/laravel/framework/src/Illuminate/Foundation/resources/server.php(23): require_once('C://Users//Nakata...')
#67 {main}
"} 
[2026-09-25 13:57:44] local.ERROR: SQLSTATE[HY000]: General error: 1 table "activities" already exists (Connection: sqlite, Database: C:\Users\Nakata\Documents\Proyek 3\praktikum_modul_3_251511009_nakata\Modul3\activity-manager\database\database.sqlite, SQL: create table "activities" ("id" integer primary key autoincrement not null, "created_at" datetime, "updated_at" datetime)) {"exception":"[object] (Illuminate\\Database\\QueryException(code: HY000): SQLSTATE[HY000]: General error: 1 table \"activities\" already exists (Connection: sqlite, Database: C:\\Users\\Nakata\\Documents\\Proyek 3\\praktikum_modul_3_251511009_nakata\\Modul3\\activity-manager\\database\\database.sqlite, SQL: create table \"activities\" (\"id\" integer primary key autoincrement not null, \"created_at\" datetime, \"updated_at\" datetime)) at C:/Users/Nakata/Documents/Proyek 3/praktikum_modul_3_251511009_nakata/Modul3/activity-manager/vendor/laravel/framework/src/Illuminate/Database/Connection.php:857)
[stacktrace]
#0 C:/Users/Nakata/Documents/Proyek 3/praktikum_modul_3_251511009_nakata/Modul3/activity-manager/vendor/laravel/framework/src/Illuminate/Database/Connection.php(813): Illuminate/Database/Connection->runQueryCallback('create table \"a...', Array, Object(Closure))
#1 C:/Users/Nakata/Documents/Proyek 3/praktikum_modul_3_251511009_nakata/Modul3/activity-manager/vendor/laravel/framework/src/Illuminate/Database/Connection.php(590): Illuminate/Database/Connection->run('create table \"a...', Array, Object(Closure))
#2 C:/Users/Nakata/Documents/Proyek 3/praktikum_modul_3_251511009_nakata/Modul3/activity-manager/vendor/laravel/framework/src/Illuminate/Database/Schema/Blueprint.php(122): Illuminate/Database/Connection->statement('create table \"a...')
#3 C:/Users/Nakata/Documents/Proyek 3/praktikum_modul_3_251511009_nakata/Modul3/activity-manager/vendor/laravel/framework/src/Illuminate/Database/Schema/Builder.php(704): Illuminate/Database/Schema/Blueprint->build()
#4 C:/Users/Nakata/Documents/Proyek 3/praktikum_modul_3_251511009_nakata/Modul3/activity-manager/vendor/laravel/framework/src/Illuminate/Database/Schema/Builder.php(522): Illuminate/Database/Schema/Builder->build(Object(Illuminate/Database/Schema/Blueprint))
#5 C:/Users/Nakata/Documents/Proyek 3/praktikum_modul_3_251511009_nakata/Modul3/activity-manager/vendor/laravel/framework/src/Illuminate/Support/Facades/Facade.php(364): Illuminate/Database/Schema/Builder->create('activities', Object(Closure))
#6 C:/Users/Nakata/Documents/Proyek 3/praktikum_modul_3_251511009_nakata/Modul3/activity-manager/database/migrations/2026_09_25_135733_create_activities_table.php(14): Illuminate/Support/Facades/Facade::__callStatic('create', Array)
#7 C:/Users/Nakata/Documents/Proyek 3/praktikum_modul_3_251511009_nakata/Modul3/activity-manager/vendor/laravel/framework/src/Illuminate/Database/Migrations/Migrator.php(517): Illuminate/Database/Migrations/Migration@anonymous->up()
#8 C:/Users/Nakata/Documents/Proyek 3/praktikum_modul_3_251511009_nakata/Modul3/activity-manager/vendor/laravel/framework/src/Illuminate/Database/Migrations/Migrator.php(442): Illuminate/Database/Migrations/Migrator->runMethod(Object(Illuminate/Database/SQLiteConnection), Object(Illuminate/Database/Migrations/Migration@anonymous), 'up')
#9 C:/Users/Nakata/Documents/Proyek 3/praktikum_modul_3_251511009_nakata/Modul3/activity-manager/vendor/laravel/framework/src/Illuminate/Database/Migrations/Migrator.php(451): Illuminate/Database/Migrations/Migrator->{closure:Illuminate/Database/Migrations/Migrator::runMigration():438}()
#10 C:/Users/Nakata/Documents/Proyek 3/praktikum_modul_3_251511009_nakata/Modul3/activity-manager/vendor/laravel/framework/src/Illuminate/Database/Migrations/Migrator.php(253): Illuminate/Database/Migrations/Migrator->runMigration(Object(Illuminate/Database/Migrations/Migration@anonymous), 'up', '2026_09_25_1357...')
#11 C:/Users/Nakata/Documents/Proyek 3/praktikum_modul_3_251511009_nakata/Modul3/activity-manager/vendor/laravel/framework/src/Illuminate/Console/View/Components/Task.php(43): Illuminate/Database/Migrations/Migrator->{closure:Illuminate/Database/Migrations/Migrator::runUp():253}()
#12 C:/Users/Nakata/Documents/Proyek 3/praktikum_modul_3_251511009_nakata/Modul3/activity-manager/vendor/laravel/framework/src/Illuminate/Database/Migrations/Migrator.php(853): Illuminate/Console/View/Components/Task->render('2026_09_25_1357...', Object(Closure))
#13 C:/Users/Nakata/Documents/Proyek 3/praktikum_modul_3_251511009_nakata/Modul3/activity-manager/vendor/laravel/framework/src/Illuminate/Database/Migrations/Migrator.php(253): Illuminate/Database/Migrations/Migrator->write('Illuminate//Cons...', '2026_09_25_1357...', Object(Closure))
#14 C:/Users/Nakata/Documents/Proyek 3/praktikum_modul_3_251511009_nakata/Modul3/activity-manager/vendor/laravel/framework/src/Illuminate/Database/Migrations/Migrator.php(211): Illuminate/Database/Migrations/Migrator->runUp('C://Users//Nakata...', 3, false)
#15 C:/Users/Nakata/Documents/Proyek 3/praktikum_modul_3_251511009_nakata/Modul3/activity-manager/vendor/laravel/framework/src/Illuminate/Database/Migrations/Migrator.php(138): Illuminate/Database/Migrations/Migrator->runPending(Array, Array)
#16 C:/Users/Nakata/Documents/Proyek 3/praktikum_modul_3_251511009_nakata/Modul3/activity-manager/vendor/laravel/framework/src/Illuminate/Database/Console/Migrations/MigrateCommand.php(118): Illuminate/Database/Migrations/Migrator->run(Array, Array)
#17 C:/Users/Nakata/Documents/Proyek 3/praktikum_modul_3_251511009_nakata/Modul3/activity-manager/vendor/laravel/framework/src/Illuminate/Database/Migrations/Migrator.php(672): Illuminate/Database/Console/Migrations/MigrateCommand->{closure:Illuminate/Database/Console/Migrations/MigrateCommand::runMigrations():111}()
#18 C:/Users/Nakata/Documents/Proyek 3/praktikum_modul_3_251511009_nakata/Modul3/activity-manager/vendor/laravel/framework/src/Illuminate/Database/Console/Migrations/MigrateCommand.php(111): Illuminate/Database/Migrations/Migrator->usingConnection(NULL, Object(Closure))
#19 C:/Users/Nakata/Documents/Proyek 3/praktikum_modul_3_251511009_nakata/Modul3/activity-manager/vendor/laravel/framework/src/Illuminate/Database/Console/Migrations/MigrateCommand.php(90): Illuminate/Database/Console/Migrations/MigrateCommand->runMigrations()
#20 C:/Users/Nakata/Documents/Proyek 3/praktikum_modul_3_251511009_nakata/Modul3/activity-manager/vendor/laravel/framework/src/Illuminate/Container/BoundMethod.php(36): Illuminate/Database/Console/Migrations/MigrateCommand->handle()
#21 C:/Users/Nakata/Documents/Proyek 3/praktikum_modul_3_251511009_nakata/Modul3/activity-manager/vendor/laravel/framework/src/Illuminate/Container/Util.php(43): Illuminate/Container/BoundMethod::{closure:Illuminate/Container/BoundMethod::call():35}()
#22 C:/Users/Nakata/Documents/Proyek 3/praktikum_modul_3_251511009_nakata/Modul3/activity-manager/vendor/laravel/framework/src/Illuminate/Container/BoundMethod.php(96): Illuminate/Container/Util::unwrapIfClosure(Object(Closure))
#23 C:/Users/Nakata/Documents/Proyek 3/praktikum_modul_3_251511009_nakata/Modul3/activity-manager/vendor/laravel/framework/src/Illuminate/Container/BoundMethod.php(35): Illuminate/Container/BoundMethod::callBoundMethod(Object(Illuminate/Foundation/Application), Array, Object(Closure))
#24 C:/Users/Nakata/Documents/Proyek 3/praktikum_modul_3_251511009_nakata/Modul3/activity-manager/vendor/laravel/framework/src/Illuminate/Container/Container.php(803): Illuminate/Container/BoundMethod::call(Object(Illuminate/Foundation/Application), Array, Array, NULL)
#25 C:/Users/Nakata/Documents/Proyek 3/praktikum_modul_3_251511009_nakata/Modul3/activity-manager/vendor/laravel/framework/src/Illuminate/Console/Command.php(292): Illuminate/Container/Container->call(Array)
#26 C:/Users/Nakata/Documents/Proyek 3/praktikum_modul_3_251511009_nakata/Modul3/activity-manager/vendor/symfony/console/Command/Command.php(341): Illuminate/Console/Command->execute(Object(Symfony/Component/Console/Input/ArgvInput), Object(Illuminate/Console/OutputStyle))
#27 C:/Users/Nakata/Documents/Proyek 3/praktikum_modul_3_251511009_nakata/Modul3/activity-manager/vendor/laravel/framework/src/Illuminate/Console/Command.php(261): Symfony/Component/Console/Command/Command->run(Object(Symfony/Component/Console/Input/ArgvInput), Object(Illuminate/Console/OutputStyle))
#28 C:/Users/Nakata/Documents/Proyek 3/praktikum_modul_3_251511009_nakata/Modul3/activity-manager/vendor/symfony/console/Application.php(1117): Illuminate/Console/Command->run(Object(Symfony/Component/Console/Input/ArgvInput), Object(Symfony/Component/Console/Output/ConsoleOutput))
#29 C:/Users/Nakata/Documents/Proyek 3/praktikum_modul_3_251511009_nakata/Modul3/activity-manager/vendor/symfony/console/Application.php(356): Symfony/Component/Console/Application->doRunCommand(Object(Illuminate/Database/Console/Migrations/MigrateCommand), Object(Symfony/Component/Console/Input/ArgvInput), Object(Symfony/Component/Console/Output/ConsoleOutput))
#30 C:/Users/Nakata/Documents/Proyek 3/praktikum_modul_3_251511009_nakata/Modul3/activity-manager/vendor/symfony/console/Application.php(195): Symfony/Component/Console/Application->doRun(Object(Symfony/Component/Console/Input/ArgvInput), Object(Symfony/Component/Console/Output/ConsoleOutput))
#31 C:/Users/Nakata/Documents/Proyek 3/praktikum_modul_3_251511009_nakata/Modul3/activity-manager/vendor/laravel/framework/src/Illuminate/Foundation/Console/Kernel.php(198): Symfony/Component/Console/Application->run(Object(Symfony/Component/Console/Input/ArgvInput), Object(Symfony/Component/Console/Output/ConsoleOutput))
#32 C:/Users/Nakata/Documents/Proyek 3/praktikum_modul_3_251511009_nakata/Modul3/activity-manager/vendor/laravel/framework/src/Illuminate/Foundation/Application.php(1242): Illuminate/Foundation/Console/Kernel->handle(Object(Symfony/Component/Console/Input/ArgvInput), Object(Symfony/Component/Console/Output/ConsoleOutput))
#33 C:/Users/Nakata/Documents/Proyek 3/praktikum_modul_3_251511009_nakata/Modul3/activity-manager/artisan(16): Illuminate/Foundation/Application->handleCommand(Object(Symfony/Component/Console/Input/ArgvInput))
#34 {main}

[previous exception] [object] (PDOException(code: HY000): SQLSTATE[HY000]: General error: 1 table \"activities\" already exists at C:/Users/Nakata/Documents/Proyek 3/praktikum_modul_3_251511009_nakata/Modul3/activity-manager/vendor/laravel/framework/src/Illuminate/Database/Connection.php:595)
[stacktrace]
#0 C:/Users/Nakata/Documents/Proyek 3/praktikum_modul_3_251511009_nakata/Modul3/activity-manager/vendor/laravel/framework/src/Illuminate/Database/Connection.php(595): PDO->prepare('create table \"a...')
#1 C:/Users/Nakata/Documents/Proyek 3/praktikum_modul_3_251511009_nakata/Modul3/activity-manager/vendor/laravel/framework/src/Illuminate/Database/Connection.php(846): Illuminate/Database/Connection->{closure:Illuminate/Database/Connection::statement():590}('create table \"a...', Array)
#2 C:/Users/Nakata/Documents/Proyek 3/praktikum_modul_3_251511009_nakata/Modul3/activity-manager/vendor/laravel/framework/src/Illuminate/Database/Connection.php(813): Illuminate/Database/Connection->runQueryCallback('create table \"a...', Array, Object(Closure))
#3 C:/Users/Nakata/Documents/Proyek 3/praktikum_modul_3_251511009_nakata/Modul3/activity-manager/vendor/laravel/framework/src/Illuminate/Database/Connection.php(590): Illuminate/Database/Connection->run('create table \"a...', Array, Object(Closure))
#4 C:/Users/Nakata/Documents/Proyek 3/praktikum_modul_3_251511009_nakata/Modul3/activity-manager/vendor/laravel/framework/src/Illuminate/Database/Schema/Blueprint.php(122): Illuminate/Database/Connection->statement('create table \"a...')
#5 C:/Users/Nakata/Documents/Proyek 3/praktikum_modul_3_251511009_nakata/Modul3/activity-manager/vendor/laravel/framework/src/Illuminate/Database/Schema/Builder.php(704): Illuminate/Database/Schema/Blueprint->build()
#6 C:/Users/Nakata/Documents/Proyek 3/praktikum_modul_3_251511009_nakata/Modul3/activity-manager/vendor/laravel/framework/src/Illuminate/Database/Schema/Builder.php(522): Illuminate/Database/Schema/Builder->build(Object(Illuminate/Database/Schema/Blueprint))
#7 C:/Users/Nakata/Documents/Proyek 3/praktikum_modul_3_251511009_nakata/Modul3/activity-manager/vendor/laravel/framework/src/Illuminate/Support/Facades/Facade.php(364): Illuminate/Database/Schema/Builder->create('activities', Object(Closure))
#8 C:/Users/Nakata/Documents/Proyek 3/praktikum_modul_3_251511009_nakata/Modul3/activity-manager/database/migrations/2026_09_25_135733_create_activities_table.php(14): Illuminate/Support/Facades/Facade::__callStatic('create', Array)
#9 C:/Users/Nakata/Documents/Proyek 3/praktikum_modul_3_251511009_nakata/Modul3/activity-manager/vendor/laravel/framework/src/Illuminate/Database/Migrations/Migrator.php(517): Illuminate/Database/Migrations/Migration@anonymous->up()
#10 C:/Users/Nakata/Documents/Proyek 3/praktikum_modul_3_251511009_nakata/Modul3/activity-manager/vendor/laravel/framework/src/Illuminate/Database/Migrations/Migrator.php(442): Illuminate/Database/Migrations/Migrator->runMethod(Object(Illuminate/Database/SQLiteConnection), Object(Illuminate/Database/Migrations/Migration@anonymous), 'up')
#11 C:/Users/Nakata/Documents/Proyek 3/praktikum_modul_3_251511009_nakata/Modul3/activity-manager/vendor/laravel/framework/src/Illuminate/Database/Migrations/Migrator.php(451): Illuminate/Database/Migrations/Migrator->{closure:Illuminate/Database/Migrations/Migrator::runMigration():438}()
#12 C:/Users/Nakata/Documents/Proyek 3/praktikum_modul_3_251511009_nakata/Modul3/activity-manager/vendor/laravel/framework/src/Illuminate/Database/Migrations/Migrator.php(253): Illuminate/Database/Migrations/Migrator->runMigration(Object(Illuminate/Database/Migrations/Migration@anonymous), 'up', '2026_09_25_1357...')
#13 C:/Users/Nakata/Documents/Proyek 3/praktikum_modul_3_251511009_nakata/Modul3/activity-manager/vendor/laravel/framework/src/Illuminate/Console/View/Components/Task.php(43): Illuminate/Database/Migrations/Migrator->{closure:Illuminate/Database/Migrations/Migrator::runUp():253}()
#14 C:/Users/Nakata/Documents/Proyek 3/praktikum_modul_3_251511009_nakata/Modul3/activity-manager/vendor/laravel/framework/src/Illuminate/Database/Migrations/Migrator.php(853): Illuminate/Console/View/Components/Task->render('2026_09_25_1357...', Object(Closure))
#15 C:/Users/Nakata/Documents/Proyek 3/praktikum_modul_3_251511009_nakata/Modul3/activity-manager/vendor/laravel/framework/src/Illuminate/Database/Migrations/Migrator.php(253): Illuminate/Database/Migrations/Migrator->write('Illuminate//Cons...', '2026_09_25_1357...', Object(Closure))
#16 C:/Users/Nakata/Documents/Proyek 3/praktikum_modul_3_251511009_nakata/Modul3/activity-manager/vendor/laravel/framework/src/Illuminate/Database/Migrations/Migrator.php(211): Illuminate/Database/Migrations/Migrator->runUp('C://Users//Nakata...', 3, false)
#17 C:/Users/Nakata/Documents/Proyek 3/praktikum_modul_3_251511009_nakata/Modul3/activity-manager/vendor/laravel/framework/src/Illuminate/Database/Migrations/Migrator.php(138): Illuminate/Database/Migrations/Migrator->runPending(Array, Array)
#18 C:/Users/Nakata/Documents/Proyek 3/praktikum_modul_3_251511009_nakata/Modul3/activity-manager/vendor/laravel/framework/src/Illuminate/Database/Console/Migrations/MigrateCommand.php(118): Illuminate/Database/Migrations/Migrator->run(Array, Array)
#19 C:/Users/Nakata/Documents/Proyek 3/praktikum_modul_3_251511009_nakata/Modul3/activity-manager/vendor/laravel/framework/src/Illuminate/Database/Migrations/Migrator.php(672): Illuminate/Database/Console/Migrations/MigrateCommand->{closure:Illuminate/Database/Console/Migrations/MigrateCommand::runMigrations():111}()
#20 C:/Users/Nakata/Documents/Proyek 3/praktikum_modul_3_251511009_nakata/Modul3/activity-manager/vendor/laravel/framework/src/Illuminate/Database/Console/Migrations/MigrateCommand.php(111): Illuminate/Database/Migrations/Migrator->usingConnection(NULL, Object(Closure))
#21 C:/Users/Nakata/Documents/Proyek 3/praktikum_modul_3_251511009_nakata/Modul3/activity-manager/vendor/laravel/framework/src/Illuminate/Database/Console/Migrations/MigrateCommand.php(90): Illuminate/Database/Console/Migrations/MigrateCommand->runMigrations()
#22 C:/Users/Nakata/Documents/Proyek 3/praktikum_modul_3_251511009_nakata/Modul3/activity-manager/vendor/laravel/framework/src/Illuminate/Container/BoundMethod.php(36): Illuminate/Database/Console/Migrations/MigrateCommand->handle()
#23 C:/Users/Nakata/Documents/Proyek 3/praktikum_modul_3_251511009_nakata/Modul3/activity-manager/vendor/laravel/framework/src/Illuminate/Container/Util.php(43): Illuminate/Container/BoundMethod::{closure:Illuminate/Container/BoundMethod::call():35}()
#24 C:/Users/Nakata/Documents/Proyek 3/praktikum_modul_3_251511009_nakata/Modul3/activity-manager/vendor/laravel/framework/src/Illuminate/Container/BoundMethod.php(96): Illuminate/Container/Util::unwrapIfClosure(Object(Closure))
#25 C:/Users/Nakata/Documents/Proyek 3/praktikum_modul_3_251511009_nakata/Modul3/activity-manager/vendor/laravel/framework/src/Illuminate/Container/BoundMethod.php(35): Illuminate/Container/BoundMethod::callBoundMethod(Object(Illuminate/Foundation/Application), Array, Object(Closure))
#26 C:/Users/Nakata/Documents/Proyek 3/praktikum_modul_3_251511009_nakata/Modul3/activity-manager/vendor/laravel/framework/src/Illuminate/Container/Container.php(803): Illuminate/Container/BoundMethod::call(Object(Illuminate/Foundation/Application), Array, Array, NULL)
#27 C:/Users/Nakata/Documents/Proyek 3/praktikum_modul_3_251511009_nakata/Modul3/activity-manager/vendor/laravel/framework/src/Illuminate/Console/Command.php(292): Illuminate/Container/Container->call(Array)
#28 C:/Users/Nakata/Documents/Proyek 3/praktikum_modul_3_251511009_nakata/Modul3/activity-manager/vendor/symfony/console/Command/Command.php(341): Illuminate/Console/Command->execute(Object(Symfony/Component/Console/Input/ArgvInput), Object(Illuminate/Console/OutputStyle))
#29 C:/Users/Nakata/Documents/Proyek 3/praktikum_modul_3_251511009_nakata/Modul3/activity-manager/vendor/laravel/framework/src/Illuminate/Console/Command.php(261): Symfony/Component/Console/Command/Command->run(Object(Symfony/Component/Console/Input/ArgvInput), Object(Illuminate/Console/OutputStyle))
#30 C:/Users/Nakata/Documents/Proyek 3/praktikum_modul_3_251511009_nakata/Modul3/activity-manager/vendor/symfony/console/Application.php(1117): Illuminate/Console/Command->run(Object(Symfony/Component/Console/Input/ArgvInput), Object(Symfony/Component/Console/Output/ConsoleOutput))
#31 C:/Users/Nakata/Documents/Proyek 3/praktikum_modul_3_251511009_nakata/Modul3/activity-manager/vendor/symfony/console/Application.php(356): Symfony/Component/Console/Application->doRunCommand(Object(Illuminate/Database/Console/Migrations/MigrateCommand), Object(Symfony/Component/Console/Input/ArgvInput), Object(Symfony/Component/Console/Output/ConsoleOutput))
#32 C:/Users/Nakata/Documents/Proyek 3/praktikum_modul_3_251511009_nakata/Modul3/activity-manager/vendor/symfony/console/Application.php(195): Symfony/Component/Console/Application->doRun(Object(Symfony/Component/Console/Input/ArgvInput), Object(Symfony/Component/Console/Output/ConsoleOutput))
#33 C:/Users/Nakata/Documents/Proyek 3/praktikum_modul_3_251511009_nakata/Modul3/activity-manager/vendor/laravel/framework/src/Illuminate/Foundation/Console/Kernel.php(198): Symfony/Component/Console/Application->run(Object(Symfony/Component/Console/Input/ArgvInput), Object(Symfony/Component/Console/Output/ConsoleOutput))
#34 C:/Users/Nakata/Documents/Proyek 3/praktikum_modul_3_251511009_nakata/Modul3/activity-manager/vendor/laravel/framework/src/Illuminate/Foundation/Application.php(1242): Illuminate/Foundation/Console/Kernel->handle(Object(Symfony/Component/Console/Input/ArgvInput), Object(Symfony/Component/Console/Output/ConsoleOutput))
#35 C:/Users/Nakata/Documents/Proyek 3/praktikum_modul_3_251511009_nakata/Modul3/activity-manager/artisan(16): Illuminate/Foundation/Application->handleCommand(Object(Symfony/Component/Console/Input/ArgvInput))
#36 {main}
"} 
[2026-09-25 14:07:37] local.ERROR: Vite manifest not found at: C:\Users\Nakata\Documents\Proyek 3\praktikum_modul_3_251511009_nakata\Modul3\activity-manager\public\build/manifest.json (View: C:\Users\Nakata\Documents\Proyek 3\praktikum_modul_3_251511009_nakata\Modul3\activity-manager\resources\views\layouts\app.blade.php) (View: C:\Users\Nakata\Documents\Proyek 3\praktikum_modul_3_251511009_nakata\Modul3\activity-manager\resources\views\layouts\app.blade.php) {"exception":"[object] (Illuminate\\View\\ViewException(code: 0): Vite manifest not found at: C:\\Users\\Nakata\\Documents\\Proyek 3\\praktikum_modul_3_251511009_nakata\\Modul3\\activity-manager\\public\\build/manifest.json (View: C:\\Users\\Nakata\\Documents\\Proyek 3\\praktikum_modul_3_251511009_nakata\\Modul3\\activity-manager\\resources\\views\\layouts\\app.blade.php) (View: C:\\Users\\Nakata\\Documents\\Proyek 3\\praktikum_modul_3_251511009_nakata\\Modul3\\activity-manager\\resources\\views\\layouts\\app.blade.php) at C:/Users/Nakata/Documents/Proyek 3/praktikum_modul_3_251511009_nakata/Modul3/activity-manager/vendor/laravel/framework/src/Illuminate/Foundation/Vite.php:974)
[stacktrace]
#0 C:/Users/Nakata/Documents/Proyek 3/praktikum_modul_3_251511009_nakata/Modul3/activity-manager/vendor/laravel/framework/src/Illuminate/View/Engines/PhpEngine.php(59): Illuminate/View/Engines/CompilerEngine->handleViewException(Object(Illuminate/View/ViewException), 0)
#1 C:/Users/Nakata/Documents/Proyek 3/praktikum_modul_3_251511009_nakata/Modul3/activity-manager/vendor/laravel/framework/src/Illuminate/View/Engines/CompilerEngine.php(76): Illuminate/View/Engines/PhpEngine->evaluatePath('C://Users//Nakata...', Array)
#2 C:/Users/Nakata/Documents/Proyek 3/praktikum_modul_3_251511009_nakata/Modul3/activity-manager/vendor/laravel/framework/src/Illuminate/View/View.php(208): Illuminate/View/Engines/CompilerEngine->get('C://Users//Nakata...', Array)
#3 C:/Users/Nakata/Documents/Proyek 3/praktikum_modul_3_251511009_nakata/Modul3/activity-manager/vendor/laravel/framework/src/Illuminate/View/View.php(191): Illuminate/View/View->getContents()
#4 C:/Users/Nakata/Documents/Proyek 3/praktikum_modul_3_251511009_nakata/Modul3/activity-manager/vendor/laravel/framework/src/Illuminate/View/View.php(160): Illuminate/View/View->renderContents()
#5 C:/Users/Nakata/Documents/Proyek 3/praktikum_modul_3_251511009_nakata/Modul3/activity-manager/vendor/laravel/framework/src/Illuminate/Http/Response.php(82): Illuminate/View/View->render()
#6 C:/Users/Nakata/Documents/Proyek 3/praktikum_modul_3_251511009_nakata/Modul3/activity-manager/vendor/laravel/framework/src/Illuminate/Http/Response.php(40): Illuminate/Http/Response->setContent(Object(Illuminate/View/View))
#7 C:/Users/Nakata/Documents/Proyek 3/praktikum_modul_3_251511009_nakata/Modul3/activity-manager/vendor/laravel/framework/src/Illuminate/Routing/Router.php(939): Illuminate/Http/Response->__construct(Object(Illuminate/View/View), 200, Array)
#8 C:/Users/Nakata/Documents/Proyek 3/praktikum_modul_3_251511009_nakata/Modul3/activity-manager/vendor/laravel/framework/src/Illuminate/Routing/Router.php(906): Illuminate/Routing/Router::toResponse(Object(Illuminate/Http/Request), Object(Illuminate/View/View))
#9 C:/Users/Nakata/Documents/Proyek 3/praktikum_modul_3_251511009_nakata/Modul3/activity-manager/vendor/laravel/framework/src/Illuminate/Routing/Router.php(821): Illuminate/Routing/Router->prepareResponse(Object(Illuminate/Http/Request), Object(Illuminate/View/View))
#10 C:/Users/Nakata/Documents/Proyek 3/praktikum_modul_3_251511009_nakata/Modul3/activity-manager/vendor/laravel/framework/src/Illuminate/Pipeline/Pipeline.php(180): Illuminate/Routing/Router->{closure:Illuminate/Routing/Router::runRouteWithinStack():821}(Object(Illuminate/Http/Request))
#11 C:/Users/Nakata/Documents/Proyek 3/praktikum_modul_3_251511009_nakata/Modul3/activity-manager/vendor/laravel/framework/src/Illuminate/Routing/Middleware/SubstituteBindings.php(52): Illuminate/Pipeline/Pipeline->{closure:Illuminate/Pipeline/Pipeline::prepareDestination():178}(Object(Illuminate/Http/Request))
#12 C:/Users/Nakata/Documents/Proyek 3/praktikum_modul_3_251511009_nakata/Modul3/activity-manager/vendor/laravel/framework/src/Illuminate/Pipeline/Pipeline.php(219): Illuminate/Routing/Middleware/SubstituteBindings->handle(Object(Illuminate/Http/Request), Object(Closure))
#13 C:/Users/Nakata/Documents/Proyek 3/praktikum_modul_3_251511009_nakata/Modul3/activity-manager/vendor/laravel/framework/src/Illuminate/Foundation/Http/Middleware/PreventRequestForgery.php(104): Illuminate/Pipeline/Pipeline->{closure:{closure:Illuminate/Pipeline/Pipeline::carry():194}:195}(Object(Illuminate/Http/Request))
#14 C:/Users/Nakata/Documents/Proyek 3/praktikum_modul_3_251511009_nakata/Modul3/activity-manager/vendor/laravel/framework/src/Illuminate/Pipeline/Pipeline.php(219): Illuminate/Foundation/Http/Middleware/PreventRequestForgery->handle(Object(Illuminate/Http/Request), Object(Closure))
#15 C:/Users/Nakata/Documents/Proyek 3/praktikum_modul_3_251511009_nakata/Modul3/activity-manager/vendor/laravel/framework/src/Illuminate/View/Middleware/ShareErrorsFromSession.php(48): Illuminate/Pipeline/Pipeline->{closure:{closure:Illuminate/Pipeline/Pipeline::carry():194}:195}(Object(Illuminate/Http/Request))
#16 C:/Users/Nakata/Documents/Proyek 3/praktikum_modul_3_251511009_nakata/Modul3/activity-manager/vendor/laravel/framework/src/Illuminate/Pipeline/Pipeline.php(219): Illuminate/View/Middleware/ShareErrorsFromSession->handle(Object(Illuminate/Http/Request), Object(Closure))
#17 C:/Users/Nakata/Documents/Proyek 3/praktikum_modul_3_251511009_nakata/Modul3/activity-manager/vendor/laravel/framework/src/Illuminate/Session/Middleware/StartSession.php(120): Illuminate/Pipeline/Pipeline->{closure:{closure:Illuminate/Pipeline/Pipeline::carry():194}:195}(Object(Illuminate/Http/Request))
#18 C:/Users/Nakata/Documents/Proyek 3/praktikum_modul_3_251511009_nakata/Modul3/activity-manager/vendor/laravel/framework/src/Illuminate/Session/Middleware/StartSession.php(63): Illuminate/Session/Middleware/StartSession->handleStatefulRequest(Object(Illuminate/Http/Request), Object(Illuminate/Session/Store), Object(Closure))
#19 C:/Users/Nakata/Documents/Proyek 3/praktikum_modul_3_251511009_nakata/Modul3/activity-manager/vendor/laravel/framework/src/Illuminate/Pipeline/Pipeline.php(219): Illuminate/Session/Middleware/StartSession->handle(Object(Illuminate/Http/Request), Object(Closure))
#20 C:/Users/Nakata/Documents/Proyek 3/praktikum_modul_3_251511009_nakata/Modul3/activity-manager/vendor/laravel/framework/src/Illuminate/Cookie/Middleware/AddQueuedCookiesToResponse.php(36): Illuminate/Pipeline/Pipeline->{closure:{closure:Illuminate/Pipeline/Pipeline::carry():194}:195}(Object(Illuminate/Http/Request))
#21 C:/Users/Nakata/Documents/Proyek 3/praktikum_modul_3_251511009_nakata/Modul3/activity-manager/vendor/laravel/framework/src/Illuminate/Pipeline/Pipeline.php(219): Illuminate/Cookie/Middleware/AddQueuedCookiesToResponse->handle(Object(Illuminate/Http/Request), Object(Closure))
#22 C:/Users/Nakata/Documents/Proyek 3/praktikum_modul_3_251511009_nakata/Modul3/activity-manager/vendor/laravel/framework/src/Illuminate/Cookie/Middleware/EncryptCookies.php(74): Illuminate/Pipeline/Pipeline->{closure:{closure:Illuminate/Pipeline/Pipeline::carry():194}:195}(Object(Illuminate/Http/Request))
#23 C:/Users/Nakata/Documents/Proyek 3/praktikum_modul_3_251511009_nakata/Modul3/activity-manager/vendor/laravel/framework/src/Illuminate/Pipeline/Pipeline.php(219): Illuminate/Cookie/Middleware/EncryptCookies->handle(Object(Illuminate/Http/Request), Object(Closure))
#24 C:/Users/Nakata/Documents/Proyek 3/praktikum_modul_3_251511009_nakata/Modul3/activity-manager/vendor/laravel/framework/src/Illuminate/Pipeline/Pipeline.php(137): Illuminate/Pipeline/Pipeline->{closure:{closure:Illuminate/Pipeline/Pipeline::carry():194}:195}(Object(Illuminate/Http/Request))
#25 C:/Users/Nakata/Documents/Proyek 3/praktikum_modul_3_251511009_nakata/Modul3/activity-manager/vendor/laravel/framework/src/Illuminate/Routing/Router.php(821): Illuminate/Pipeline/Pipeline->then(Object(Closure))
#26 C:/Users/Nakata/Documents/Proyek 3/praktikum_modul_3_251511009_nakata/Modul3/activity-manager/vendor/laravel/framework/src/Illuminate/Routing/Router.php(800): Illuminate/Routing/Router->runRouteWithinStack(Object(Illuminate/Routing/Route), Object(Illuminate/Http/Request))
#27 C:/Users/Nakata/Documents/Proyek 3/praktikum_modul_3_251511009_nakata/Modul3/activity-manager/vendor/laravel/framework/src/Illuminate/Routing/Router.php(764): Illuminate/Routing/Router->runRoute(Object(Illuminate/Http/Request), Object(Illuminate/Routing/Route))
#28 C:/Users/Nakata/Documents/Proyek 3/praktikum_modul_3_251511009_nakata/Modul3/activity-manager/vendor/laravel/framework/src/Illuminate/Routing/Router.php(753): Illuminate/Routing/Router->dispatchToRoute(Object(Illuminate/Http/Request))
#29 C:/Users/Nakata/Documents/Proyek 3/praktikum_modul_3_251511009_nakata/Modul3/activity-manager/vendor/laravel/framework/src/Illuminate/Foundation/Http/Kernel.php(200): Illuminate/Routing/Router->dispatch(Object(Illuminate/Http/Request))
#30 C:/Users/Nakata/Documents/Proyek 3/praktikum_modul_3_251511009_nakata/Modul3/activity-manager/vendor/laravel/framework/src/Illuminate/Pipeline/Pipeline.php(180): Illuminate/Foundation/Http/Kernel->{closure:Illuminate/Foundation/Http/Kernel::dispatchToRouter():197}(Object(Illuminate/Http/Request))
#31 C:/Users/Nakata/Documents/Proyek 3/praktikum_modul_3_251511009_nakata/Modul3/activity-manager/vendor/laravel/framework/src/Illuminate/Foundation/Http/Middleware/TransformsRequest.php(21): Illuminate/Pipeline/Pipeline->{closure:Illuminate/Pipeline/Pipeline::prepareDestination():178}(Object(Illuminate/Http/Request))
#32 C:/Users/Nakata/Documents/Proyek 3/praktikum_modul_3_251511009_nakata/Modul3/activity-manager/vendor/laravel/framework/src/Illuminate/Foundation/Http/Middleware/ConvertEmptyStringsToNull.php(31): Illuminate/Foundation/Http/Middleware/TransformsRequest->handle(Object(Illuminate/Http/Request), Object(Closure))
#33 C:/Users/Nakata/Documents/Proyek 3/praktikum_modul_3_251511009_nakata/Modul3/activity-manager/vendor/laravel/framework/src/Illuminate/Pipeline/Pipeline.php(219): Illuminate/Foundation/Http/Middleware/ConvertEmptyStringsToNull->handle(Object(Illuminate/Http/Request), Object(Closure))
#34 C:/Users/Nakata/Documents/Proyek 3/praktikum_modul_3_251511009_nakata/Modul3/activity-manager/vendor/laravel/framework/src/Illuminate/Foundation/Http/Middleware/TransformsRequest.php(21): Illuminate/Pipeline/Pipeline->{closure:{closure:Illuminate/Pipeline/Pipeline::carry():194}:195}(Object(Illuminate/Http/Request))
#35 C:/Users/Nakata/Documents/Proyek 3/praktikum_modul_3_251511009_nakata/Modul3/activity-manager/vendor/laravel/framework/src/Illuminate/Foundation/Http/Middleware/TrimStrings.php(51): Illuminate/Foundation/Http/Middleware/TransformsRequest->handle(Object(Illuminate/Http/Request), Object(Closure))
#36 C:/Users/Nakata/Documents/Proyek 3/praktikum_modul_3_251511009_nakata/Modul3/activity-manager/vendor/laravel/framework/src/Illuminate/Pipeline/Pipeline.php(219): Illuminate/Foundation/Http/Middleware/TrimStrings->handle(Object(Illuminate/Http/Request), Object(Closure))
#37 C:/Users/Nakata/Documents/Proyek 3/praktikum_modul_3_251511009_nakata/Modul3/activity-manager/vendor/laravel/framework/src/Illuminate/Http/Middleware/ValidatePostSize.php(27): Illuminate/Pipeline/Pipeline->{closure:{closure:Illuminate/Pipeline/Pipeline::carry():194}:195}(Object(Illuminate/Http/Request))
#38 C:/Users/Nakata/Documents/Proyek 3/praktikum_modul_3_251511009_nakata/Modul3/activity-manager/vendor/laravel/framework/src/Illuminate/Pipeline/Pipeline.php(219): Illuminate/Http/Middleware/ValidatePostSize->handle(Object(Illuminate/Http/Request), Object(Closure))
#39 C:/Users/Nakata/Documents/Proyek 3/praktikum_modul_3_251511009_nakata/Modul3/activity-manager/vendor/laravel/framework/src/Illuminate/Foundation/Http/Middleware/PreventRequestsDuringMaintenance.php(110): Illuminate/Pipeline/Pipeline->{closure:{closure:Illuminate/Pipeline/Pipeline::carry():194}:195}(Object(Illuminate/Http/Request))
#40 C:/Users/Nakata/Documents/Proyek 3/praktikum_modul_3_251511009_nakata/Modul3/activity-manager/vendor/laravel/framework/src/Illuminate/Pipeline/Pipeline.php(219): Illuminate/Foundation/Http/Middleware/PreventRequestsDuringMaintenance->handle(Object(Illuminate/Http/Request), Object(Closure))
#41 C:/Users/Nakata/Documents/Proyek 3/praktikum_modul_3_251511009_nakata/Modul3/activity-manager/vendor/laravel/framework/src/Illuminate/Http/Middleware/HandleCors.php(61): Illuminate/Pipeline/Pipeline->{closure:{closure:Illuminate/Pipeline/Pipeline::carry():194}:195}(Object(Illuminate/Http/Request))
#42 C:/Users/Nakata/Documents/Proyek 3/praktikum_modul_3_251511009_nakata/Modul3/activity-manager/vendor/laravel/framework/src/Illuminate/Pipeline/Pipeline.php(219): Illuminate/Http/Middleware/HandleCors->handle(Object(Illuminate/Http/Request), Object(Closure))
#43 C:/Users/Nakata/Documents/Proyek 3/praktikum_modul_3_251511009_nakata/Modul3/activity-manager/vendor/laravel/framework/src/Illuminate/Http/Middleware/TrustProxies.php(58): Illuminate/Pipeline/Pipeline->{closure:{closure:Illuminate/Pipeline/Pipeline::carry():194}:195}(Object(Illuminate/Http/Request))
#44 C:/Users/Nakata/Documents/Proyek 3/praktikum_modul_3_251511009_nakata/Modul3/activity-manager/vendor/laravel/framework/src/Illuminate/Pipeline/Pipeline.php(219): Illuminate/Http/Middleware/TrustProxies->handle(Object(Illuminate/Http/Request), Object(Closure))
#45 C:/Users/Nakata/Documents/Proyek 3/praktikum_modul_3_251511009_nakata/Modul3/activity-manager/vendor/laravel/framework/src/Illuminate/Foundation/Http/Middleware/InvokeDeferredCallbacks.php(22): Illuminate/Pipeline/Pipeline->{closure:{closure:Illuminate/Pipeline/Pipeline::carry():194}:195}(Object(Illuminate/Http/Request))
#46 C:/Users/Nakata/Documents/Proyek 3/praktikum_modul_3_251511009_nakata/Modul3/activity-manager/vendor/laravel/framework/src/Illuminate/Pipeline/Pipeline.php(219): Illuminate/Foundation/Http/Middleware/InvokeDeferredCallbacks->handle(Object(Illuminate/Http/Request), Object(Closure))
#47 C:/Users/Nakata/Documents/Proyek 3/praktikum_modul_3_251511009_nakata/Modul3/activity-manager/vendor/laravel/framework/src/Illuminate/Http/Middleware/ValidatePathEncoding.php(28): Illuminate/Pipeline/Pipeline->{closure:{closure:Illuminate/Pipeline/Pipeline::carry():194}:195}(Object(Illuminate/Http/Request))
#48 C:/Users/Nakata/Documents/Proyek 3/praktikum_modul_3_251511009_nakata/Modul3/activity-manager/vendor/laravel/framework/src/Illuminate/Pipeline/Pipeline.php(219): Illuminate/Http/Middleware/ValidatePathEncoding->handle(Object(Illuminate/Http/Request), Object(Closure))
#49 C:/Users/Nakata/Documents/Proyek 3/praktikum_modul_3_251511009_nakata/Modul3/activity-manager/vendor/laravel/framework/src/Illuminate/Pipeline/Pipeline.php(137): Illuminate/Pipeline/Pipeline->{closure:{closure:Illuminate/Pipeline/Pipeline::carry():194}:195}(Object(Illuminate/Http/Request))
#50 C:/Users/Nakata/Documents/Proyek 3/praktikum_modul_3_251511009_nakata/Modul3/activity-manager/vendor/laravel/framework/src/Illuminate/Foundation/Http/Kernel.php(175): Illuminate/Pipeline/Pipeline->then(Object(Closure))
#51 C:/Users/Nakata/Documents/Proyek 3/praktikum_modul_3_251511009_nakata/Modul3/activity-manager/vendor/laravel/framework/src/Illuminate/Foundation/Http/Kernel.php(144): Illuminate/Foundation/Http/Kernel->sendRequestThroughRouter(Object(Illuminate/Http/Request))
#52 C:/Users/Nakata/Documents/Proyek 3/praktikum_modul_3_251511009_nakata/Modul3/activity-manager/vendor/laravel/framework/src/Illuminate/Foundation/Application.php(1227): Illuminate/Foundation/Http/Kernel->handle(Object(Illuminate/Http/Request))
#53 C:/Users/Nakata/Documents/Proyek 3/praktikum_modul_3_251511009_nakata/Modul3/activity-manager/public/index.php(20): Illuminate/Foundation/Application->handleRequest(Object(Illuminate/Http/Request))
#54 C:/Users/Nakata/Documents/Proyek 3/praktikum_modul_3_251511009_nakata/Modul3/activity-manager/vendor/laravel/framework/src/Illuminate/Foundation/resources/server.php(23): require_once('C://Users//Nakata...')
#55 {main}

[previous exception] [object] (Illuminate\\View\\ViewException(code: 0): Vite manifest not found at: C:\\Users\\Nakata\\Documents\\Proyek 3\\praktikum_modul_3_251511009_nakata\\Modul3\\activity-manager\\public\\build/manifest.json (View: C:\\Users\\Nakata\\Documents\\Proyek 3\\praktikum_modul_3_251511009_nakata\\Modul3\\activity-manager\\resources\\views\\layouts\\app.blade.php) at C:/Users/Nakata/Documents/Proyek 3/praktikum_modul_3_251511009_nakata/Modul3/activity-manager/vendor/laravel/framework/src/Illuminate/Foundation/Vite.php:974)
[stacktrace]
#0 C:/Users/Nakata/Documents/Proyek 3/praktikum_modul_3_251511009_nakata/Modul3/activity-manager/vendor/laravel/framework/src/Illuminate/View/Engines/PhpEngine.php(59): Illuminate/View/Engines/CompilerEngine->handleViewException(Object(Illuminate/Foundation/ViteManifestNotFoundException), 1)
#1 C:/Users/Nakata/Documents/Proyek 3/praktikum_modul_3_251511009_nakata/Modul3/activity-manager/vendor/laravel/framework/src/Illuminate/View/Engines/CompilerEngine.php(76): Illuminate/View/Engines/PhpEngine->evaluatePath('C://Users//Nakata...', Array)
#2 C:/Users/Nakata/Documents/Proyek 3/praktikum_modul_3_251511009_nakata/Modul3/activity-manager/vendor/laravel/framework/src/Illuminate/View/View.php(208): Illuminate/View/Engines/CompilerEngine->get('C://Users//Nakata...', Array)
#3 C:/Users/Nakata/Documents/Proyek 3/praktikum_modul_3_251511009_nakata/Modul3/activity-manager/vendor/laravel/framework/src/Illuminate/View/View.php(191): Illuminate/View/View->getContents()
#4 C:/Users/Nakata/Documents/Proyek 3/praktikum_modul_3_251511009_nakata/Modul3/activity-manager/vendor/laravel/framework/src/Illuminate/View/View.php(160): Illuminate/View/View->renderContents()
#5 C:/Users/Nakata/Documents/Proyek 3/praktikum_modul_3_251511009_nakata/Modul3/activity-manager/storage/framework/views/161347b359dc333522c4812a28465cc2.php(25): Illuminate/View/View->render()
#6 C:/Users/Nakata/Documents/Proyek 3/praktikum_modul_3_251511009_nakata/Modul3/activity-manager/vendor/laravel/framework/src/Illuminate/Filesystem/Filesystem.php(123): require('C://Users//Nakata...')
#7 C:/Users/Nakata/Documents/Proyek 3/praktikum_modul_3_251511009_nakata/Modul3/activity-manager/vendor/laravel/framework/src/Illuminate/Filesystem/Filesystem.php(124): Illuminate/Filesystem/Filesystem::{closure:Illuminate/Filesystem/Filesystem::getRequire():120}()
#8 C:/Users/Nakata/Documents/Proyek 3/praktikum_modul_3_251511009_nakata/Modul3/activity-manager/vendor/laravel/framework/src/Illuminate/View/Engines/PhpEngine.php(57): Illuminate/Filesystem/Filesystem->getRequire('C://Users//Nakata...', Array)
#9 C:/Users/Nakata/Documents/Proyek 3/praktikum_modul_3_251511009_nakata/Modul3/activity-manager/vendor/laravel/framework/src/Illuminate/View/Engines/CompilerEngine.php(76): Illuminate/View/Engines/PhpEngine->evaluatePath('C://Users//Nakata...', Array)
#10 C:/Users/Nakata/Documents/Proyek 3/praktikum_modul_3_251511009_nakata/Modul3/activity-manager/vendor/laravel/framework/src/Illuminate/View/View.php(208): Illuminate/View/Engines/CompilerEngine->get('C://Users//Nakata...', Array)
#11 C:/Users/Nakata/Documents/Proyek 3/praktikum_modul_3_251511009_nakata/Modul3/activity-manager/vendor/laravel/framework/src/Illuminate/View/View.php(191): Illuminate/View/View->getContents()
#12 C:/Users/Nakata/Documents/Proyek 3/praktikum_modul_3_251511009_nakata/Modul3/activity-manager/vendor/laravel/framework/src/Illuminate/View/View.php(160): Illuminate/View/View->renderContents()
#13 C:/Users/Nakata/Documents/Proyek 3/praktikum_modul_3_251511009_nakata/Modul3/activity-manager/vendor/laravel/framework/src/Illuminate/Http/Response.php(82): Illuminate/View/View->render()
#14 C:/Users/Nakata/Documents/Proyek 3/praktikum_modul_3_251511009_nakata/Modul3/activity-manager/vendor/laravel/framework/src/Illuminate/Http/Response.php(40): Illuminate/Http/Response->setContent(Object(Illuminate/View/View))
#15 C:/Users/Nakata/Documents/Proyek 3/praktikum_modul_3_251511009_nakata/Modul3/activity-manager/vendor/laravel/framework/src/Illuminate/Routing/Router.php(939): Illuminate/Http/Response->__construct(Object(Illuminate/View/View), 200, Array)
#16 C:/Users/Nakata/Documents/Proyek 3/praktikum_modul_3_251511009_nakata/Modul3/activity-manager/vendor/laravel/framework/src/Illuminate/Routing/Router.php(906): Illuminate/Routing/Router::toResponse(Object(Illuminate/Http/Request), Object(Illuminate/View/View))
#17 C:/Users/Nakata/Documents/Proyek 3/praktikum_modul_3_251511009_nakata/Modul3/activity-manager/vendor/laravel/framework/src/Illuminate/Routing/Router.php(821): Illuminate/Routing/Router->prepareResponse(Object(Illuminate/Http/Request), Object(Illuminate/View/View))
#18 C:/Users/Nakata/Documents/Proyek 3/praktikum_modul_3_251511009_nakata/Modul3/activity-manager/vendor/laravel/framework/src/Illuminate/Pipeline/Pipeline.php(180): Illuminate/Routing/Router->{closure:Illuminate/Routing/Router::runRouteWithinStack():821}(Object(Illuminate/Http/Request))
#19 C:/Users/Nakata/Documents/Proyek 3/praktikum_modul_3_251511009_nakata/Modul3/activity-manager/vendor/laravel/framework/src/Illuminate/Routing/Middleware/SubstituteBindings.php(52): Illuminate/Pipeline/Pipeline->{closure:Illuminate/Pipeline/Pipeline::prepareDestination():178}(Object(Illuminate/Http/Request))
#20 C:/Users/Nakata/Documents/Proyek 3/praktikum_modul_3_251511009_nakata/Modul3/activity-manager/vendor/laravel/framework/src/Illuminate/Pipeline/Pipeline.php(219): Illuminate/Routing/Middleware/SubstituteBindings->handle(Object(Illuminate/Http/Request), Object(Closure))
#21 C:/Users/Nakata/Documents/Proyek 3/praktikum_modul_3_251511009_nakata/Modul3/activity-manager/vendor/laravel/framework/src/Illuminate/Foundation/Http/Middleware/PreventRequestForgery.php(104): Illuminate/Pipeline/Pipeline->{closure:{closure:Illuminate/Pipeline/Pipeline::carry():194}:195}(Object(Illuminate/Http/Request))
#22 C:/Users/Nakata/Documents/Proyek 3/praktikum_modul_3_251511009_nakata/Modul3/activity-manager/vendor/laravel/framework/src/Illuminate/Pipeline/Pipeline.php(219): Illuminate/Foundation/Http/Middleware/PreventRequestForgery->handle(Object(Illuminate/Http/Request), Object(Closure))
#23 C:/Users/Nakata/Documents/Proyek 3/praktikum_modul_3_251511009_nakata/Modul3/activity-manager/vendor/laravel/framework/src/Illuminate/View/Middleware/ShareErrorsFromSession.php(48): Illuminate/Pipeline/Pipeline->{closure:{closure:Illuminate/Pipeline/Pipeline::carry():194}:195}(Object(Illuminate/Http/Request))
#24 C:/Users/Nakata/Documents/Proyek 3/praktikum_modul_3_251511009_nakata/Modul3/activity-manager/vendor/laravel/framework/src/Illuminate/Pipeline/Pipeline.php(219): Illuminate/View/Middleware/ShareErrorsFromSession->handle(Object(Illuminate/Http/Request), Object(Closure))
#25 C:/Users/Nakata/Documents/Proyek 3/praktikum_modul_3_251511009_nakata/Modul3/activity-manager/vendor/laravel/framework/src/Illuminate/Session/Middleware/StartSession.php(120): Illuminate/Pipeline/Pipeline->{closure:{closure:Illuminate/Pipeline/Pipeline::carry():194}:195}(Object(Illuminate/Http/Request))
#26 C:/Users/Nakata/Documents/Proyek 3/praktikum_modul_3_251511009_nakata/Modul3/activity-manager/vendor/laravel/framework/src/Illuminate/Session/Middleware/StartSession.php(63): Illuminate/Session/Middleware/StartSession->handleStatefulRequest(Object(Illuminate/Http/Request), Object(Illuminate/Session/Store), Object(Closure))
#27 C:/Users/Nakata/Documents/Proyek 3/praktikum_modul_3_251511009_nakata/Modul3/activity-manager/vendor/laravel/framework/src/Illuminate/Pipeline/Pipeline.php(219): Illuminate/Session/Middleware/StartSession->handle(Object(Illuminate/Http/Request), Object(Closure))
#28 C:/Users/Nakata/Documents/Proyek 3/praktikum_modul_3_251511009_nakata/Modul3/activity-manager/vendor/laravel/framework/src/Illuminate/Cookie/Middleware/AddQueuedCookiesToResponse.php(36): Illuminate/Pipeline/Pipeline->{closure:{closure:Illuminate/Pipeline/Pipeline::carry():194}:195}(Object(Illuminate/Http/Request))
#29 C:/Users/Nakata/Documents/Proyek 3/praktikum_modul_3_251511009_nakata/Modul3/activity-manager/vendor/laravel/framework/src/Illuminate/Pipeline/Pipeline.php(219): Illuminate/Cookie/Middleware/AddQueuedCookiesToResponse->handle(Object(Illuminate/Http/Request), Object(Closure))
#30 C:/Users/Nakata/Documents/Proyek 3/praktikum_modul_3_251511009_nakata/Modul3/activity-manager/vendor/laravel/framework/src/Illuminate/Cookie/Middleware/EncryptCookies.php(74): Illuminate/Pipeline/Pipeline->{closure:{closure:Illuminate/Pipeline/Pipeline::carry():194}:195}(Object(Illuminate/Http/Request))
#31 C:/Users/Nakata/Documents/Proyek 3/praktikum_modul_3_251511009_nakata/Modul3/activity-manager/vendor/laravel/framework/src/Illuminate/Pipeline/Pipeline.php(219): Illuminate/Cookie/Middleware/EncryptCookies->handle(Object(Illuminate/Http/Request), Object(Closure))
#32 C:/Users/Nakata/Documents/Proyek 3/praktikum_modul_3_251511009_nakata/Modul3/activity-manager/vendor/laravel/framework/src/Illuminate/Pipeline/Pipeline.php(137): Illuminate/Pipeline/Pipeline->{closure:{closure:Illuminate/Pipeline/Pipeline::carry():194}:195}(Object(Illuminate/Http/Request))
#33 C:/Users/Nakata/Documents/Proyek 3/praktikum_modul_3_251511009_nakata/Modul3/activity-manager/vendor/laravel/framework/src/Illuminate/Routing/Router.php(821): Illuminate/Pipeline/Pipeline->then(Object(Closure))
#34 C:/Users/Nakata/Documents/Proyek 3/praktikum_modul_3_251511009_nakata/Modul3/activity-manager/vendor/laravel/framework/src/Illuminate/Routing/Router.php(800): Illuminate/Routing/Router->runRouteWithinStack(Object(Illuminate/Routing/Route), Object(Illuminate/Http/Request))
#35 C:/Users/Nakata/Documents/Proyek 3/praktikum_modul_3_251511009_nakata/Modul3/activity-manager/vendor/laravel/framework/src/Illuminate/Routing/Router.php(764): Illuminate/Routing/Router->runRoute(Object(Illuminate/Http/Request), Object(Illuminate/Routing/Route))
#36 C:/Users/Nakata/Documents/Proyek 3/praktikum_modul_3_251511009_nakata/Modul3/activity-manager/vendor/laravel/framework/src/Illuminate/Routing/Router.php(753): Illuminate/Routing/Router->dispatchToRoute(Object(Illuminate/Http/Request))
#37 C:/Users/Nakata/Documents/Proyek 3/praktikum_modul_3_251511009_nakata/Modul3/activity-manager/vendor/laravel/framework/src/Illuminate/Foundation/Http/Kernel.php(200): Illuminate/Routing/Router->dispatch(Object(Illuminate/Http/Request))
#38 C:/Users/Nakata/Documents/Proyek 3/praktikum_modul_3_251511009_nakata/Modul3/activity-manager/vendor/laravel/framework/src/Illuminate/Pipeline/Pipeline.php(180): Illuminate/Foundation/Http/Kernel->{closure:Illuminate/Foundation/Http/Kernel::dispatchToRouter():197}(Object(Illuminate/Http/Request))
#39 C:/Users/Nakata/Documents/Proyek 3/praktikum_modul_3_251511009_nakata/Modul3/activity-manager/vendor/laravel/framework/src/Illuminate/Foundation/Http/Middleware/TransformsRequest.php(21): Illuminate/Pipeline/Pipeline->{closure:Illuminate/Pipeline/Pipeline::prepareDestination():178}(Object(Illuminate/Http/Request))
#40 C:/Users/Nakata/Documents/Proyek 3/praktikum_modul_3_251511009_nakata/Modul3/activity-manager/vendor/laravel/framework/src/Illuminate/Foundation/Http/Middleware/ConvertEmptyStringsToNull.php(31): Illuminate/Foundation/Http/Middleware/TransformsRequest->handle(Object(Illuminate/Http/Request), Object(Closure))
#41 C:/Users/Nakata/Documents/Proyek 3/praktikum_modul_3_251511009_nakata/Modul3/activity-manager/vendor/laravel/framework/src/Illuminate/Pipeline/Pipeline.php(219): Illuminate/Foundation/Http/Middleware/ConvertEmptyStringsToNull->handle(Object(Illuminate/Http/Request), Object(Closure))
#42 C:/Users/Nakata/Documents/Proyek 3/praktikum_modul_3_251511009_nakata/Modul3/activity-manager/vendor/laravel/framework/src/Illuminate/Foundation/Http/Middleware/TransformsRequest.php(21): Illuminate/Pipeline/Pipeline->{closure:{closure:Illuminate/Pipeline/Pipeline::carry():194}:195}(Object(Illuminate/Http/Request))
#43 C:/Users/Nakata/Documents/Proyek 3/praktikum_modul_3_251511009_nakata/Modul3/activity-manager/vendor/laravel/framework/src/Illuminate/Foundation/Http/Middleware/TrimStrings.php(51): Illuminate/Foundation/Http/Middleware/TransformsRequest->handle(Object(Illuminate/Http/Request), Object(Closure))
#44 C:/Users/Nakata/Documents/Proyek 3/praktikum_modul_3_251511009_nakata/Modul3/activity-manager/vendor/laravel/framework/src/Illuminate/Pipeline/Pipeline.php(219): Illuminate/Foundation/Http/Middleware/TrimStrings->handle(Object(Illuminate/Http/Request), Object(Closure))
#45 C:/Users/Nakata/Documents/Proyek 3/praktikum_modul_3_251511009_nakata/Modul3/activity-manager/vendor/laravel/framework/src/Illuminate/Http/Middleware/ValidatePostSize.php(27): Illuminate/Pipeline/Pipeline->{closure:{closure:Illuminate/Pipeline/Pipeline::carry():194}:195}(Object(Illuminate/Http/Request))
#46 C:/Users/Nakata/Documents/Proyek 3/praktikum_modul_3_251511009_nakata/Modul3/activity-manager/vendor/laravel/framework/src/Illuminate/Pipeline/Pipeline.php(219): Illuminate/Http/Middleware/ValidatePostSize->handle(Object(Illuminate/Http/Request), Object(Closure))
#47 C:/Users/Nakata/Documents/Proyek 3/praktikum_modul_3_251511009_nakata/Modul3/activity-manager/vendor/laravel/framework/src/Illuminate/Foundation/Http/Middleware/PreventRequestsDuringMaintenance.php(110): Illuminate/Pipeline/Pipeline->{closure:{closure:Illuminate/Pipeline/Pipeline::carry():194}:195}(Object(Illuminate/Http/Request))
#48 C:/Users/Nakata/Documents/Proyek 3/praktikum_modul_3_251511009_nakata/Modul3/activity-manager/vendor/laravel/framework/src/Illuminate/Pipeline/Pipeline.php(219): Illuminate/Foundation/Http/Middleware/PreventRequestsDuringMaintenance->handle(Object(Illuminate/Http/Request), Object(Closure))
#49 C:/Users/Nakata/Documents/Proyek 3/praktikum_modul_3_251511009_nakata/Modul3/activity-manager/vendor/laravel/framework/src/Illuminate/Http/Middleware/HandleCors.php(61): Illuminate/Pipeline/Pipeline->{closure:{closure:Illuminate/Pipeline/Pipeline::carry():194}:195}(Object(Illuminate/Http/Request))
#50 C:/Users/Nakata/Documents/Proyek 3/praktikum_modul_3_251511009_nakata/Modul3/activity-manager/vendor/laravel/framework/src/Illuminate/Pipeline/Pipeline.php(219): Illuminate/Http/Middleware/HandleCors->handle(Object(Illuminate/Http/Request), Object(Closure))
#51 C:/Users/Nakata/Documents/Proyek 3/praktikum_modul_3_251511009_nakata/Modul3/activity-manager/vendor/laravel/framework/src/Illuminate/Http/Middleware/TrustProxies.php(58): Illuminate/Pipeline/Pipeline->{closure:{closure:Illuminate/Pipeline/Pipeline::carry():194}:195}(Object(Illuminate/Http/Request))
#52 C:/Users/Nakata/Documents/Proyek 3/praktikum_modul_3_251511009_nakata/Modul3/activity-manager/vendor/laravel/framework/src/Illuminate/Pipeline/Pipeline.php(219): Illuminate/Http/Middleware/TrustProxies->handle(Object(Illuminate/Http/Request), Object(Closure))
#53 C:/Users/Nakata/Documents/Proyek 3/praktikum_modul_3_251511009_nakata/Modul3/activity-manager/vendor/laravel/framework/src/Illuminate/Foundation/Http/Middleware/InvokeDeferredCallbacks.php(22): Illuminate/Pipeline/Pipeline->{closure:{closure:Illuminate/Pipeline/Pipeline::carry():194}:195}(Object(Illuminate/Http/Request))
#54 C:/Users/Nakata/Documents/Proyek 3/praktikum_modul_3_251511009_nakata/Modul3/activity-manager/vendor/laravel/framework/src/Illuminate/Pipeline/Pipeline.php(219): Illuminate/Foundation/Http/Middleware/InvokeDeferredCallbacks->handle(Object(Illuminate/Http/Request), Object(Closure))
#55 C:/Users/Nakata/Documents/Proyek 3/praktikum_modul_3_251511009_nakata/Modul3/activity-manager/vendor/laravel/framework/src/Illuminate/Http/Middleware/ValidatePathEncoding.php(28): Illuminate/Pipeline/Pipeline->{closure:{closure:Illuminate/Pipeline/Pipeline::carry():194}:195}(Object(Illuminate/Http/Request))
#56 C:/Users/Nakata/Documents/Proyek 3/praktikum_modul_3_251511009_nakata/Modul3/activity-manager/vendor/laravel/framework/src/Illuminate/Pipeline/Pipeline.php(219): Illuminate/Http/Middleware/ValidatePathEncoding->handle(Object(Illuminate/Http/Request), Object(Closure))
#57 C:/Users/Nakata/Documents/Proyek 3/praktikum_modul_3_251511009_nakata/Modul3/activity-manager/vendor/laravel/framework/src/Illuminate/Pipeline/Pipeline.php(137): Illuminate/Pipeline/Pipeline->{closure:{closure:Illuminate/Pipeline/Pipeline::carry():194}:195}(Object(Illuminate/Http/Request))
#58 C:/Users/Nakata/Documents/Proyek 3/praktikum_modul_3_251511009_nakata/Modul3/activity-manager/vendor/laravel/framework/src/Illuminate/Foundation/Http/Kernel.php(175): Illuminate/Pipeline/Pipeline->then(Object(Closure))
#59 C:/Users/Nakata/Documents/Proyek 3/praktikum_modul_3_251511009_nakata/Modul3/activity-manager/vendor/laravel/framework/src/Illuminate/Foundation/Http/Kernel.php(144): Illuminate/Foundation/Http/Kernel->sendRequestThroughRouter(Object(Illuminate/Http/Request))
#60 C:/Users/Nakata/Documents/Proyek 3/praktikum_modul_3_251511009_nakata/Modul3/activity-manager/vendor/laravel/framework/src/Illuminate/Foundation/Application.php(1227): Illuminate/Foundation/Http/Kernel->handle(Object(Illuminate/Http/Request))
#61 C:/Users/Nakata/Documents/Proyek 3/praktikum_modul_3_251511009_nakata/Modul3/activity-manager/public/index.php(20): Illuminate/Foundation/Application->handleRequest(Object(Illuminate/Http/Request))
#62 C:/Users/Nakata/Documents/Proyek 3/praktikum_modul_3_251511009_nakata/Modul3/activity-manager/vendor/laravel/framework/src/Illuminate/Foundation/resources/server.php(23): require_once('C://Users//Nakata...')
#63 {main}

[previous exception] [object] (Illuminate\\Foundation\\ViteManifestNotFoundException(code: 0): Vite manifest not found at: C:\\Users\\Nakata\\Documents\\Proyek 3\\praktikum_modul_3_251511009_nakata\\Modul3\\activity-manager\\public\\build/manifest.json at C:/Users/Nakata/Documents/Proyek 3/praktikum_modul_3_251511009_nakata/Modul3/activity-manager/vendor/laravel/framework/src/Illuminate/Foundation/Vite.php:974)
[stacktrace]
#0 C:/Users/Nakata/Documents/Proyek 3/praktikum_modul_3_251511009_nakata/Modul3/activity-manager/vendor/laravel/framework/src/Illuminate/Foundation/Vite.php(398): Illuminate/Foundation/Vite->manifest('build')
#1 C:/Users/Nakata/Documents/Proyek 3/praktikum_modul_3_251511009_nakata/Modul3/activity-manager/storage/framework/views/dd8d00d47f5c830c8f857ce5e0aaa73a.php(7): Illuminate/Foundation/Vite->__invoke(Object(Illuminate/Support/Collection))
#2 C:/Users/Nakata/Documents/Proyek 3/praktikum_modul_3_251511009_nakata/Modul3/activity-manager/vendor/laravel/framework/src/Illuminate/Filesystem/Filesystem.php(123): require('C://Users//Nakata...')
#3 C:/Users/Nakata/Documents/Proyek 3/praktikum_modul_3_251511009_nakata/Modul3/activity-manager/vendor/laravel/framework/src/Illuminate/Filesystem/Filesystem.php(124): Illuminate/Filesystem/Filesystem::{closure:Illuminate/Filesystem/Filesystem::getRequire():120}()
#4 C:/Users/Nakata/Documents/Proyek 3/praktikum_modul_3_251511009_nakata/Modul3/activity-manager/vendor/laravel/framework/src/Illuminate/View/Engines/PhpEngine.php(57): Illuminate/Filesystem/Filesystem->getRequire('C://Users//Nakata...', Array)
#5 C:/Users/Nakata/Documents/Proyek 3/praktikum_modul_3_251511009_nakata/Modul3/activity-manager/vendor/laravel/framework/src/Illuminate/View/Engines/CompilerEngine.php(76): Illuminate/View/Engines/PhpEngine->evaluatePath('C://Users//Nakata...', Array)
#6 C:/Users/Nakata/Documents/Proyek 3/praktikum_modul_3_251511009_nakata/Modul3/activity-manager/vendor/laravel/framework/src/Illuminate/View/View.php(208): Illuminate/View/Engines/CompilerEngine->get('C://Users//Nakata...', Array)
#7 C:/Users/Nakata/Documents/Proyek 3/praktikum_modul_3_251511009_nakata/Modul3/activity-manager/vendor/laravel/framework/src/Illuminate/View/View.php(191): Illuminate/View/View->getContents()
#8 C:/Users/Nakata/Documents/Proyek 3/praktikum_modul_3_251511009_nakata/Modul3/activity-manager/vendor/laravel/framework/src/Illuminate/View/View.php(160): Illuminate/View/View->renderContents()
#9 C:/Users/Nakata/Documents/Proyek 3/praktikum_modul_3_251511009_nakata/Modul3/activity-manager/storage/framework/views/161347b359dc333522c4812a28465cc2.php(25): Illuminate/View/View->render()
#10 C:/Users/Nakata/Documents/Proyek 3/praktikum_modul_3_251511009_nakata/Modul3/activity-manager/vendor/laravel/framework/src/Illuminate/Filesystem/Filesystem.php(123): require('C://Users//Nakata...')
#11 C:/Users/Nakata/Documents/Proyek 3/praktikum_modul_3_251511009_nakata/Modul3/activity-manager/vendor/laravel/framework/src/Illuminate/Filesystem/Filesystem.php(124): Illuminate/Filesystem/Filesystem::{closure:Illuminate/Filesystem/Filesystem::getRequire():120}()
#12 C:/Users/Nakata/Documents/Proyek 3/praktikum_modul_3_251511009_nakata/Modul3/activity-manager/vendor/laravel/framework/src/Illuminate/View/Engines/PhpEngine.php(57): Illuminate/Filesystem/Filesystem->getRequire('C://Users//Nakata...', Array)
#13 C:/Users/Nakata/Documents/Proyek 3/praktikum_modul_3_251511009_nakata/Modul3/activity-manager/vendor/laravel/framework/src/Illuminate/View/Engines/CompilerEngine.php(76): Illuminate/View/Engines/PhpEngine->evaluatePath('C://Users//Nakata...', Array)
#14 C:/Users/Nakata/Documents/Proyek 3/praktikum_modul_3_251511009_nakata/Modul3/activity-manager/vendor/laravel/framework/src/Illuminate/View/View.php(208): Illuminate/View/Engines/CompilerEngine->get('C://Users//Nakata...', Array)
#15 C:/Users/Nakata/Documents/Proyek 3/praktikum_modul_3_251511009_nakata/Modul3/activity-manager/vendor/laravel/framework/src/Illuminate/View/View.php(191): Illuminate/View/View->getContents()
#16 C:/Users/Nakata/Documents/Proyek 3/praktikum_modul_3_251511009_nakata/Modul3/activity-manager/vendor/laravel/framework/src/Illuminate/View/View.php(160): Illuminate/View/View->renderContents()
#17 C:/Users/Nakata/Documents/Proyek 3/praktikum_modul_3_251511009_nakata/Modul3/activity-manager/vendor/laravel/framework/src/Illuminate/Http/Response.php(82): Illuminate/View/View->render()
#18 C:/Users/Nakata/Documents/Proyek 3/praktikum_modul_3_251511009_nakata/Modul3/activity-manager/vendor/laravel/framework/src/Illuminate/Http/Response.php(40): Illuminate/Http/Response->setContent(Object(Illuminate/View/View))
#19 C:/Users/Nakata/Documents/Proyek 3/praktikum_modul_3_251511009_nakata/Modul3/activity-manager/vendor/laravel/framework/src/Illuminate/Routing/Router.php(939): Illuminate/Http/Response->__construct(Object(Illuminate/View/View), 200, Array)
#20 C:/Users/Nakata/Documents/Proyek 3/praktikum_modul_3_251511009_nakata/Modul3/activity-manager/vendor/laravel/framework/src/Illuminate/Routing/Router.php(906): Illuminate/Routing/Router::toResponse(Object(Illuminate/Http/Request), Object(Illuminate/View/View))
#21 C:/Users/Nakata/Documents/Proyek 3/praktikum_modul_3_251511009_nakata/Modul3/activity-manager/vendor/laravel/framework/src/Illuminate/Routing/Router.php(821): Illuminate/Routing/Router->prepareResponse(Object(Illuminate/Http/Request), Object(Illuminate/View/View))
#22 C:/Users/Nakata/Documents/Proyek 3/praktikum_modul_3_251511009_nakata/Modul3/activity-manager/vendor/laravel/framework/src/Illuminate/Pipeline/Pipeline.php(180): Illuminate/Routing/Router->{closure:Illuminate/Routing/Router::runRouteWithinStack():821}(Object(Illuminate/Http/Request))
#23 C:/Users/Nakata/Documents/Proyek 3/praktikum_modul_3_251511009_nakata/Modul3/activity-manager/vendor/laravel/framework/src/Illuminate/Routing/Middleware/SubstituteBindings.php(52): Illuminate/Pipeline/Pipeline->{closure:Illuminate/Pipeline/Pipeline::prepareDestination():178}(Object(Illuminate/Http/Request))
#24 C:/Users/Nakata/Documents/Proyek 3/praktikum_modul_3_251511009_nakata/Modul3/activity-manager/vendor/laravel/framework/src/Illuminate/Pipeline/Pipeline.php(219): Illuminate/Routing/Middleware/SubstituteBindings->handle(Object(Illuminate/Http/Request), Object(Closure))
#25 C:/Users/Nakata/Documents/Proyek 3/praktikum_modul_3_251511009_nakata/Modul3/activity-manager/vendor/laravel/framework/src/Illuminate/Foundation/Http/Middleware/PreventRequestForgery.php(104): Illuminate/Pipeline/Pipeline->{closure:{closure:Illuminate/Pipeline/Pipeline::carry():194}:195}(Object(Illuminate/Http/Request))
#26 C:/Users/Nakata/Documents/Proyek 3/praktikum_modul_3_251511009_nakata/Modul3/activity-manager/vendor/laravel/framework/src/Illuminate/Pipeline/Pipeline.php(219): Illuminate/Foundation/Http/Middleware/PreventRequestForgery->handle(Object(Illuminate/Http/Request), Object(Closure))
#27 C:/Users/Nakata/Documents/Proyek 3/praktikum_modul_3_251511009_nakata/Modul3/activity-manager/vendor/laravel/framework/src/Illuminate/View/Middleware/ShareErrorsFromSession.php(48): Illuminate/Pipeline/Pipeline->{closure:{closure:Illuminate/Pipeline/Pipeline::carry():194}:195}(Object(Illuminate/Http/Request))
#28 C:/Users/Nakata/Documents/Proyek 3/praktikum_modul_3_251511009_nakata/Modul3/activity-manager/vendor/laravel/framework/src/Illuminate/Pipeline/Pipeline.php(219): Illuminate/View/Middleware/ShareErrorsFromSession->handle(Object(Illuminate/Http/Request), Object(Closure))
#29 C:/Users/Nakata/Documents/Proyek 3/praktikum_modul_3_251511009_nakata/Modul3/activity-manager/vendor/laravel/framework/src/Illuminate/Session/Middleware/StartSession.php(120): Illuminate/Pipeline/Pipeline->{closure:{closure:Illuminate/Pipeline/Pipeline::carry():194}:195}(Object(Illuminate/Http/Request))
#30 C:/Users/Nakata/Documents/Proyek 3/praktikum_modul_3_251511009_nakata/Modul3/activity-manager/vendor/laravel/framework/src/Illuminate/Session/Middleware/StartSession.php(63): Illuminate/Session/Middleware/StartSession->handleStatefulRequest(Object(Illuminate/Http/Request), Object(Illuminate/Session/Store), Object(Closure))
#31 C:/Users/Nakata/Documents/Proyek 3/praktikum_modul_3_251511009_nakata/Modul3/activity-manager/vendor/laravel/framework/src/Illuminate/Pipeline/Pipeline.php(219): Illuminate/Session/Middleware/StartSession->handle(Object(Illuminate/Http/Request), Object(Closure))
#32 C:/Users/Nakata/Documents/Proyek 3/praktikum_modul_3_251511009_nakata/Modul3/activity-manager/vendor/laravel/framework/src/Illuminate/Cookie/Middleware/AddQueuedCookiesToResponse.php(36): Illuminate/Pipeline/Pipeline->{closure:{closure:Illuminate/Pipeline/Pipeline::carry():194}:195}(Object(Illuminate/Http/Request))
#33 C:/Users/Nakata/Documents/Proyek 3/praktikum_modul_3_251511009_nakata/Modul3/activity-manager/vendor/laravel/framework/src/Illuminate/Pipeline/Pipeline.php(219): Illuminate/Cookie/Middleware/AddQueuedCookiesToResponse->handle(Object(Illuminate/Http/Request), Object(Closure))
#34 C:/Users/Nakata/Documents/Proyek 3/praktikum_modul_3_251511009_nakata/Modul3/activity-manager/vendor/laravel/framework/src/Illuminate/Cookie/Middleware/EncryptCookies.php(74): Illuminate/Pipeline/Pipeline->{closure:{closure:Illuminate/Pipeline/Pipeline::carry():194}:195}(Object(Illuminate/Http/Request))
#35 C:/Users/Nakata/Documents/Proyek 3/praktikum_modul_3_251511009_nakata/Modul3/activity-manager/vendor/laravel/framework/src/Illuminate/Pipeline/Pipeline.php(219): Illuminate/Cookie/Middleware/EncryptCookies->handle(Object(Illuminate/Http/Request), Object(Closure))
#36 C:/Users/Nakata/Documents/Proyek 3/praktikum_modul_3_251511009_nakata/Modul3/activity-manager/vendor/laravel/framework/src/Illuminate/Pipeline/Pipeline.php(137): Illuminate/Pipeline/Pipeline->{closure:{closure:Illuminate/Pipeline/Pipeline::carry():194}:195}(Object(Illuminate/Http/Request))
#37 C:/Users/Nakata/Documents/Proyek 3/praktikum_modul_3_251511009_nakata/Modul3/activity-manager/vendor/laravel/framework/src/Illuminate/Routing/Router.php(821): Illuminate/Pipeline/Pipeline->then(Object(Closure))
#38 C:/Users/Nakata/Documents/Proyek 3/praktikum_modul_3_251511009_nakata/Modul3/activity-manager/vendor/laravel/framework/src/Illuminate/Routing/Router.php(800): Illuminate/Routing/Router->runRouteWithinStack(Object(Illuminate/Routing/Route), Object(Illuminate/Http/Request))
#39 C:/Users/Nakata/Documents/Proyek 3/praktikum_modul_3_251511009_nakata/Modul3/activity-manager/vendor/laravel/framework/src/Illuminate/Routing/Router.php(764): Illuminate/Routing/Router->runRoute(Object(Illuminate/Http/Request), Object(Illuminate/Routing/Route))
#40 C:/Users/Nakata/Documents/Proyek 3/praktikum_modul_3_251511009_nakata/Modul3/activity-manager/vendor/laravel/framework/src/Illuminate/Routing/Router.php(753): Illuminate/Routing/Router->dispatchToRoute(Object(Illuminate/Http/Request))
#41 C:/Users/Nakata/Documents/Proyek 3/praktikum_modul_3_251511009_nakata/Modul3/activity-manager/vendor/laravel/framework/src/Illuminate/Foundation/Http/Kernel.php(200): Illuminate/Routing/Router->dispatch(Object(Illuminate/Http/Request))
#42 C:/Users/Nakata/Documents/Proyek 3/praktikum_modul_3_251511009_nakata/Modul3/activity-manager/vendor/laravel/framework/src/Illuminate/Pipeline/Pipeline.php(180): Illuminate/Foundation/Http/Kernel->{closure:Illuminate/Foundation/Http/Kernel::dispatchToRouter():197}(Object(Illuminate/Http/Request))
#43 C:/Users/Nakata/Documents/Proyek 3/praktikum_modul_3_251511009_nakata/Modul3/activity-manager/vendor/laravel/framework/src/Illuminate/Foundation/Http/Middleware/TransformsRequest.php(21): Illuminate/Pipeline/Pipeline->{closure:Illuminate/Pipeline/Pipeline::prepareDestination():178}(Object(Illuminate/Http/Request))
#44 C:/Users/Nakata/Documents/Proyek 3/praktikum_modul_3_251511009_nakata/Modul3/activity-manager/vendor/laravel/framework/src/Illuminate/Foundation/Http/Middleware/ConvertEmptyStringsToNull.php(31): Illuminate/Foundation/Http/Middleware/TransformsRequest->handle(Object(Illuminate/Http/Request), Object(Closure))
#45 C:/Users/Nakata/Documents/Proyek 3/praktikum_modul_3_251511009_nakata/Modul3/activity-manager/vendor/laravel/framework/src/Illuminate/Pipeline/Pipeline.php(219): Illuminate/Foundation/Http/Middleware/ConvertEmptyStringsToNull->handle(Object(Illuminate/Http/Request), Object(Closure))
#46 C:/Users/Nakata/Documents/Proyek 3/praktikum_modul_3_251511009_nakata/Modul3/activity-manager/vendor/laravel/framework/src/Illuminate/Foundation/Http/Middleware/TransformsRequest.php(21): Illuminate/Pipeline/Pipeline->{closure:{closure:Illuminate/Pipeline/Pipeline::carry():194}:195}(Object(Illuminate/Http/Request))
#47 C:/Users/Nakata/Documents/Proyek 3/praktikum_modul_3_251511009_nakata/Modul3/activity-manager/vendor/laravel/framework/src/Illuminate/Foundation/Http/Middleware/TrimStrings.php(51): Illuminate/Foundation/Http/Middleware/TransformsRequest->handle(Object(Illuminate/Http/Request), Object(Closure))
#48 C:/Users/Nakata/Documents/Proyek 3/praktikum_modul_3_251511009_nakata/Modul3/activity-manager/vendor/laravel/framework/src/Illuminate/Pipeline/Pipeline.php(219): Illuminate/Foundation/Http/Middleware/TrimStrings->handle(Object(Illuminate/Http/Request), Object(Closure))
#49 C:/Users/Nakata/Documents/Proyek 3/praktikum_modul_3_251511009_nakata/Modul3/activity-manager/vendor/laravel/framework/src/Illuminate/Http/Middleware/ValidatePostSize.php(27): Illuminate/Pipeline/Pipeline->{closure:{closure:Illuminate/Pipeline/Pipeline::carry():194}:195}(Object(Illuminate/Http/Request))
#50 C:/Users/Nakata/Documents/Proyek 3/praktikum_modul_3_251511009_nakata/Modul3/activity-manager/vendor/laravel/framework/src/Illuminate/Pipeline/Pipeline.php(219): Illuminate/Http/Middleware/ValidatePostSize->handle(Object(Illuminate/Http/Request), Object(Closure))
#51 C:/Users/Nakata/Documents/Proyek 3/praktikum_modul_3_251511009_nakata/Modul3/activity-manager/vendor/laravel/framework/src/Illuminate/Foundation/Http/Middleware/PreventRequestsDuringMaintenance.php(110): Illuminate/Pipeline/Pipeline->{closure:{closure:Illuminate/Pipeline/Pipeline::carry():194}:195}(Object(Illuminate/Http/Request))
#52 C:/Users/Nakata/Documents/Proyek 3/praktikum_modul_3_251511009_nakata/Modul3/activity-manager/vendor/laravel/framework/src/Illuminate/Pipeline/Pipeline.php(219): Illuminate/Foundation/Http/Middleware/PreventRequestsDuringMaintenance->handle(Object(Illuminate/Http/Request), Object(Closure))
#53 C:/Users/Nakata/Documents/Proyek 3/praktikum_modul_3_251511009_nakata/Modul3/activity-manager/vendor/laravel/framework/src/Illuminate/Http/Middleware/HandleCors.php(61): Illuminate/Pipeline/Pipeline->{closure:{closure:Illuminate/Pipeline/Pipeline::carry():194}:195}(Object(Illuminate/Http/Request))
#54 C:/Users/Nakata/Documents/Proyek 3/praktikum_modul_3_251511009_nakata/Modul3/activity-manager/vendor/laravel/framework/src/Illuminate/Pipeline/Pipeline.php(219): Illuminate/Http/Middleware/HandleCors->handle(Object(Illuminate/Http/Request), Object(Closure))
#55 C:/Users/Nakata/Documents/Proyek 3/praktikum_modul_3_251511009_nakata/Modul3/activity-manager/vendor/laravel/framework/src/Illuminate/Http/Middleware/TrustProxies.php(58): Illuminate/Pipeline/Pipeline->{closure:{closure:Illuminate/Pipeline/Pipeline::carry():194}:195}(Object(Illuminate/Http/Request))
#56 C:/Users/Nakata/Documents/Proyek 3/praktikum_modul_3_251511009_nakata/Modul3/activity-manager/vendor/laravel/framework/src/Illuminate/Pipeline/Pipeline.php(219): Illuminate/Http/Middleware/TrustProxies->handle(Object(Illuminate/Http/Request), Object(Closure))
#57 C:/Users/Nakata/Documents/Proyek 3/praktikum_modul_3_251511009_nakata/Modul3/activity-manager/vendor/laravel/framework/src/Illuminate/Foundation/Http/Middleware/InvokeDeferredCallbacks.php(22): Illuminate/Pipeline/Pipeline->{closure:{closure:Illuminate/Pipeline/Pipeline::carry():194}:195}(Object(Illuminate/Http/Request))
#58 C:/Users/Nakata/Documents/Proyek 3/praktikum_modul_3_251511009_nakata/Modul3/activity-manager/vendor/laravel/framework/src/Illuminate/Pipeline/Pipeline.php(219): Illuminate/Foundation/Http/Middleware/InvokeDeferredCallbacks->handle(Object(Illuminate/Http/Request), Object(Closure))
#59 C:/Users/Nakata/Documents/Proyek 3/praktikum_modul_3_251511009_nakata/Modul3/activity-manager/vendor/laravel/framework/src/Illuminate/Http/Middleware/ValidatePathEncoding.php(28): Illuminate/Pipeline/Pipeline->{closure:{closure:Illuminate/Pipeline/Pipeline::carry():194}:195}(Object(Illuminate/Http/Request))
#60 C:/Users/Nakata/Documents/Proyek 3/praktikum_modul_3_251511009_nakata/Modul3/activity-manager/vendor/laravel/framework/src/Illuminate/Pipeline/Pipeline.php(219): Illuminate/Http/Middleware/ValidatePathEncoding->handle(Object(Illuminate/Http/Request), Object(Closure))
#61 C:/Users/Nakata/Documents/Proyek 3/praktikum_modul_3_251511009_nakata/Modul3/activity-manager/vendor/laravel/framework/src/Illuminate/Pipeline/Pipeline.php(137): Illuminate/Pipeline/Pipeline->{closure:{closure:Illuminate/Pipeline/Pipeline::carry():194}:195}(Object(Illuminate/Http/Request))
#62 C:/Users/Nakata/Documents/Proyek 3/praktikum_modul_3_251511009_nakata/Modul3/activity-manager/vendor/laravel/framework/src/Illuminate/Foundation/Http/Kernel.php(175): Illuminate/Pipeline/Pipeline->then(Object(Closure))
#63 C:/Users/Nakata/Documents/Proyek 3/praktikum_modul_3_251511009_nakata/Modul3/activity-manager/vendor/laravel/framework/src/Illuminate/Foundation/Http/Kernel.php(144): Illuminate/Foundation/Http/Kernel->sendRequestThroughRouter(Object(Illuminate/Http/Request))
#64 C:/Users/Nakata/Documents/Proyek 3/praktikum_modul_3_251511009_nakata/Modul3/activity-manager/vendor/laravel/framework/src/Illuminate/Foundation/Application.php(1227): Illuminate/Foundation/Http/Kernel->handle(Object(Illuminate/Http/Request))
#65 C:/Users/Nakata/Documents/Proyek 3/praktikum_modul_3_251511009_nakata/Modul3/activity-manager/public/index.php(20): Illuminate/Foundation/Application->handleRequest(Object(Illuminate/Http/Request))
#66 C:/Users/Nakata/Documents/Proyek 3/praktikum_modul_3_251511009_nakata/Modul3/activity-manager/vendor/laravel/framework/src/Illuminate/Foundation/resources/server.php(23): require_once('C://Users//Nakata...')
#67 {main}
"} 
[2026-09-25 14:08:11] local.ERROR: Vite manifest not found at: C:\Users\Nakata\Documents\Proyek 3\praktikum_modul_3_251511009_nakata\Modul3\activity-manager\public\build/manifest.json (View: C:\Users\Nakata\Documents\Proyek 3\praktikum_modul_3_251511009_nakata\Modul3\activity-manager\resources\views\layouts\app.blade.php) (View: C:\Users\Nakata\Documents\Proyek 3\praktikum_modul_3_251511009_nakata\Modul3\activity-manager\resources\views\layouts\app.blade.php) {"exception":"[object] (Illuminate\\View\\ViewException(code: 0): Vite manifest not found at: C:\\Users\\Nakata\\Documents\\Proyek 3\\praktikum_modul_3_251511009_nakata\\Modul3\\activity-manager\\public\\build/manifest.json (View: C:\\Users\\Nakata\\Documents\\Proyek 3\\praktikum_modul_3_251511009_nakata\\Modul3\\activity-manager\\resources\\views\\layouts\\app.blade.php) (View: C:\\Users\\Nakata\\Documents\\Proyek 3\\praktikum_modul_3_251511009_nakata\\Modul3\\activity-manager\\resources\\views\\layouts\\app.blade.php) at C:/Users/Nakata/Documents/Proyek 3/praktikum_modul_3_251511009_nakata/Modul3/activity-manager/vendor/laravel/framework/src/Illuminate/Foundation/Vite.php:974)
[stacktrace]
#0 C:/Users/Nakata/Documents/Proyek 3/praktikum_modul_3_251511009_nakata/Modul3/activity-manager/vendor/laravel/framework/src/Illuminate/View/Engines/PhpEngine.php(59): Illuminate/View/Engines/CompilerEngine->handleViewException(Object(Illuminate/View/ViewException), 0)
#1 C:/Users/Nakata/Documents/Proyek 3/praktikum_modul_3_251511009_nakata/Modul3/activity-manager/vendor/laravel/framework/src/Illuminate/View/Engines/CompilerEngine.php(76): Illuminate/View/Engines/PhpEngine->evaluatePath('C://Users//Nakata...', Array)
#2 C:/Users/Nakata/Documents/Proyek 3/praktikum_modul_3_251511009_nakata/Modul3/activity-manager/vendor/laravel/framework/src/Illuminate/View/View.php(208): Illuminate/View/Engines/CompilerEngine->get('C://Users//Nakata...', Array)
#3 C:/Users/Nakata/Documents/Proyek 3/praktikum_modul_3_251511009_nakata/Modul3/activity-manager/vendor/laravel/framework/src/Illuminate/View/View.php(191): Illuminate/View/View->getContents()
#4 C:/Users/Nakata/Documents/Proyek 3/praktikum_modul_3_251511009_nakata/Modul3/activity-manager/vendor/laravel/framework/src/Illuminate/View/View.php(160): Illuminate/View/View->renderContents()
#5 C:/Users/Nakata/Documents/Proyek 3/praktikum_modul_3_251511009_nakata/Modul3/activity-manager/vendor/laravel/framework/src/Illuminate/Http/Response.php(82): Illuminate/View/View->render()
#6 C:/Users/Nakata/Documents/Proyek 3/praktikum_modul_3_251511009_nakata/Modul3/activity-manager/vendor/laravel/framework/src/Illuminate/Http/Response.php(40): Illuminate/Http/Response->setContent(Object(Illuminate/View/View))
#7 C:/Users/Nakata/Documents/Proyek 3/praktikum_modul_3_251511009_nakata/Modul3/activity-manager/vendor/laravel/framework/src/Illuminate/Routing/Router.php(939): Illuminate/Http/Response->__construct(Object(Illuminate/View/View), 200, Array)
#8 C:/Users/Nakata/Documents/Proyek 3/praktikum_modul_3_251511009_nakata/Modul3/activity-manager/vendor/laravel/framework/src/Illuminate/Routing/Router.php(906): Illuminate/Routing/Router::toResponse(Object(Illuminate/Http/Request), Object(Illuminate/View/View))
#9 C:/Users/Nakata/Documents/Proyek 3/praktikum_modul_3_251511009_nakata/Modul3/activity-manager/vendor/laravel/framework/src/Illuminate/Routing/Router.php(821): Illuminate/Routing/Router->prepareResponse(Object(Illuminate/Http/Request), Object(Illuminate/View/View))
#10 C:/Users/Nakata/Documents/Proyek 3/praktikum_modul_3_251511009_nakata/Modul3/activity-manager/vendor/laravel/framework/src/Illuminate/Pipeline/Pipeline.php(180): Illuminate/Routing/Router->{closure:Illuminate/Routing/Router::runRouteWithinStack():821}(Object(Illuminate/Http/Request))
#11 C:/Users/Nakata/Documents/Proyek 3/praktikum_modul_3_251511009_nakata/Modul3/activity-manager/vendor/laravel/framework/src/Illuminate/Routing/Middleware/SubstituteBindings.php(52): Illuminate/Pipeline/Pipeline->{closure:Illuminate/Pipeline/Pipeline::prepareDestination():178}(Object(Illuminate/Http/Request))
#12 C:/Users/Nakata/Documents/Proyek 3/praktikum_modul_3_251511009_nakata/Modul3/activity-manager/vendor/laravel/framework/src/Illuminate/Pipeline/Pipeline.php(219): Illuminate/Routing/Middleware/SubstituteBindings->handle(Object(Illuminate/Http/Request), Object(Closure))
#13 C:/Users/Nakata/Documents/Proyek 3/praktikum_modul_3_251511009_nakata/Modul3/activity-manager/vendor/laravel/framework/src/Illuminate/Foundation/Http/Middleware/PreventRequestForgery.php(104): Illuminate/Pipeline/Pipeline->{closure:{closure:Illuminate/Pipeline/Pipeline::carry():194}:195}(Object(Illuminate/Http/Request))
#14 C:/Users/Nakata/Documents/Proyek 3/praktikum_modul_3_251511009_nakata/Modul3/activity-manager/vendor/laravel/framework/src/Illuminate/Pipeline/Pipeline.php(219): Illuminate/Foundation/Http/Middleware/PreventRequestForgery->handle(Object(Illuminate/Http/Request), Object(Closure))
#15 C:/Users/Nakata/Documents/Proyek 3/praktikum_modul_3_251511009_nakata/Modul3/activity-manager/vendor/laravel/framework/src/Illuminate/View/Middleware/ShareErrorsFromSession.php(48): Illuminate/Pipeline/Pipeline->{closure:{closure:Illuminate/Pipeline/Pipeline::carry():194}:195}(Object(Illuminate/Http/Request))
#16 C:/Users/Nakata/Documents/Proyek 3/praktikum_modul_3_251511009_nakata/Modul3/activity-manager/vendor/laravel/framework/src/Illuminate/Pipeline/Pipeline.php(219): Illuminate/View/Middleware/ShareErrorsFromSession->handle(Object(Illuminate/Http/Request), Object(Closure))
#17 C:/Users/Nakata/Documents/Proyek 3/praktikum_modul_3_251511009_nakata/Modul3/activity-manager/vendor/laravel/framework/src/Illuminate/Session/Middleware/StartSession.php(120): Illuminate/Pipeline/Pipeline->{closure:{closure:Illuminate/Pipeline/Pipeline::carry():194}:195}(Object(Illuminate/Http/Request))
#18 C:/Users/Nakata/Documents/Proyek 3/praktikum_modul_3_251511009_nakata/Modul3/activity-manager/vendor/laravel/framework/src/Illuminate/Session/Middleware/StartSession.php(63): Illuminate/Session/Middleware/StartSession->handleStatefulRequest(Object(Illuminate/Http/Request), Object(Illuminate/Session/Store), Object(Closure))
#19 C:/Users/Nakata/Documents/Proyek 3/praktikum_modul_3_251511009_nakata/Modul3/activity-manager/vendor/laravel/framework/src/Illuminate/Pipeline/Pipeline.php(219): Illuminate/Session/Middleware/StartSession->handle(Object(Illuminate/Http/Request), Object(Closure))
#20 C:/Users/Nakata/Documents/Proyek 3/praktikum_modul_3_251511009_nakata/Modul3/activity-manager/vendor/laravel/framework/src/Illuminate/Cookie/Middleware/AddQueuedCookiesToResponse.php(36): Illuminate/Pipeline/Pipeline->{closure:{closure:Illuminate/Pipeline/Pipeline::carry():194}:195}(Object(Illuminate/Http/Request))
#21 C:/Users/Nakata/Documents/Proyek 3/praktikum_modul_3_251511009_nakata/Modul3/activity-manager/vendor/laravel/framework/src/Illuminate/Pipeline/Pipeline.php(219): Illuminate/Cookie/Middleware/AddQueuedCookiesToResponse->handle(Object(Illuminate/Http/Request), Object(Closure))
#22 C:/Users/Nakata/Documents/Proyek 3/praktikum_modul_3_251511009_nakata/Modul3/activity-manager/vendor/laravel/framework/src/Illuminate/Cookie/Middleware/EncryptCookies.php(74): Illuminate/Pipeline/Pipeline->{closure:{closure:Illuminate/Pipeline/Pipeline::carry():194}:195}(Object(Illuminate/Http/Request))
#23 C:/Users/Nakata/Documents/Proyek 3/praktikum_modul_3_251511009_nakata/Modul3/activity-manager/vendor/laravel/framework/src/Illuminate/Pipeline/Pipeline.php(219): Illuminate/Cookie/Middleware/EncryptCookies->handle(Object(Illuminate/Http/Request), Object(Closure))
#24 C:/Users/Nakata/Documents/Proyek 3/praktikum_modul_3_251511009_nakata/Modul3/activity-manager/vendor/laravel/framework/src/Illuminate/Pipeline/Pipeline.php(137): Illuminate/Pipeline/Pipeline->{closure:{closure:Illuminate/Pipeline/Pipeline::carry():194}:195}(Object(Illuminate/Http/Request))
#25 C:/Users/Nakata/Documents/Proyek 3/praktikum_modul_3_251511009_nakata/Modul3/activity-manager/vendor/laravel/framework/src/Illuminate/Routing/Router.php(821): Illuminate/Pipeline/Pipeline->then(Object(Closure))
#26 C:/Users/Nakata/Documents/Proyek 3/praktikum_modul_3_251511009_nakata/Modul3/activity-manager/vendor/laravel/framework/src/Illuminate/Routing/Router.php(800): Illuminate/Routing/Router->runRouteWithinStack(Object(Illuminate/Routing/Route), Object(Illuminate/Http/Request))
#27 C:/Users/Nakata/Documents/Proyek 3/praktikum_modul_3_251511009_nakata/Modul3/activity-manager/vendor/laravel/framework/src/Illuminate/Routing/Router.php(764): Illuminate/Routing/Router->runRoute(Object(Illuminate/Http/Request), Object(Illuminate/Routing/Route))
#28 C:/Users/Nakata/Documents/Proyek 3/praktikum_modul_3_251511009_nakata/Modul3/activity-manager/vendor/laravel/framework/src/Illuminate/Routing/Router.php(753): Illuminate/Routing/Router->dispatchToRoute(Object(Illuminate/Http/Request))
#29 C:/Users/Nakata/Documents/Proyek 3/praktikum_modul_3_251511009_nakata/Modul3/activity-manager/vendor/laravel/framework/src/Illuminate/Foundation/Http/Kernel.php(200): Illuminate/Routing/Router->dispatch(Object(Illuminate/Http/Request))
#30 C:/Users/Nakata/Documents/Proyek 3/praktikum_modul_3_251511009_nakata/Modul3/activity-manager/vendor/laravel/framework/src/Illuminate/Pipeline/Pipeline.php(180): Illuminate/Foundation/Http/Kernel->{closure:Illuminate/Foundation/Http/Kernel::dispatchToRouter():197}(Object(Illuminate/Http/Request))
#31 C:/Users/Nakata/Documents/Proyek 3/praktikum_modul_3_251511009_nakata/Modul3/activity-manager/vendor/laravel/framework/src/Illuminate/Foundation/Http/Middleware/TransformsRequest.php(21): Illuminate/Pipeline/Pipeline->{closure:Illuminate/Pipeline/Pipeline::prepareDestination():178}(Object(Illuminate/Http/Request))
#32 C:/Users/Nakata/Documents/Proyek 3/praktikum_modul_3_251511009_nakata/Modul3/activity-manager/vendor/laravel/framework/src/Illuminate/Foundation/Http/Middleware/ConvertEmptyStringsToNull.php(31): Illuminate/Foundation/Http/Middleware/TransformsRequest->handle(Object(Illuminate/Http/Request), Object(Closure))
#33 C:/Users/Nakata/Documents/Proyek 3/praktikum_modul_3_251511009_nakata/Modul3/activity-manager/vendor/laravel/framework/src/Illuminate/Pipeline/Pipeline.php(219): Illuminate/Foundation/Http/Middleware/ConvertEmptyStringsToNull->handle(Object(Illuminate/Http/Request), Object(Closure))
#34 C:/Users/Nakata/Documents/Proyek 3/praktikum_modul_3_251511009_nakata/Modul3/activity-manager/vendor/laravel/framework/src/Illuminate/Foundation/Http/Middleware/TransformsRequest.php(21): Illuminate/Pipeline/Pipeline->{closure:{closure:Illuminate/Pipeline/Pipeline::carry():194}:195}(Object(Illuminate/Http/Request))
#35 C:/Users/Nakata/Documents/Proyek 3/praktikum_modul_3_251511009_nakata/Modul3/activity-manager/vendor/laravel/framework/src/Illuminate/Foundation/Http/Middleware/TrimStrings.php(51): Illuminate/Foundation/Http/Middleware/TransformsRequest->handle(Object(Illuminate/Http/Request), Object(Closure))
#36 C:/Users/Nakata/Documents/Proyek 3/praktikum_modul_3_251511009_nakata/Modul3/activity-manager/vendor/laravel/framework/src/Illuminate/Pipeline/Pipeline.php(219): Illuminate/Foundation/Http/Middleware/TrimStrings->handle(Object(Illuminate/Http/Request), Object(Closure))
#37 C:/Users/Nakata/Documents/Proyek 3/praktikum_modul_3_251511009_nakata/Modul3/activity-manager/vendor/laravel/framework/src/Illuminate/Http/Middleware/ValidatePostSize.php(27): Illuminate/Pipeline/Pipeline->{closure:{closure:Illuminate/Pipeline/Pipeline::carry():194}:195}(Object(Illuminate/Http/Request))
#38 C:/Users/Nakata/Documents/Proyek 3/praktikum_modul_3_251511009_nakata/Modul3/activity-manager/vendor/laravel/framework/src/Illuminate/Pipeline/Pipeline.php(219): Illuminate/Http/Middleware/ValidatePostSize->handle(Object(Illuminate/Http/Request), Object(Closure))
#39 C:/Users/Nakata/Documents/Proyek 3/praktikum_modul_3_251511009_nakata/Modul3/activity-manager/vendor/laravel/framework/src/Illuminate/Foundation/Http/Middleware/PreventRequestsDuringMaintenance.php(110): Illuminate/Pipeline/Pipeline->{closure:{closure:Illuminate/Pipeline/Pipeline::carry():194}:195}(Object(Illuminate/Http/Request))
#40 C:/Users/Nakata/Documents/Proyek 3/praktikum_modul_3_251511009_nakata/Modul3/activity-manager/vendor/laravel/framework/src/Illuminate/Pipeline/Pipeline.php(219): Illuminate/Foundation/Http/Middleware/PreventRequestsDuringMaintenance->handle(Object(Illuminate/Http/Request), Object(Closure))
#41 C:/Users/Nakata/Documents/Proyek 3/praktikum_modul_3_251511009_nakata/Modul3/activity-manager/vendor/laravel/framework/src/Illuminate/Http/Middleware/HandleCors.php(61): Illuminate/Pipeline/Pipeline->{closure:{closure:Illuminate/Pipeline/Pipeline::carry():194}:195}(Object(Illuminate/Http/Request))
#42 C:/Users/Nakata/Documents/Proyek 3/praktikum_modul_3_251511009_nakata/Modul3/activity-manager/vendor/laravel/framework/src/Illuminate/Pipeline/Pipeline.php(219): Illuminate/Http/Middleware/HandleCors->handle(Object(Illuminate/Http/Request), Object(Closure))
#43 C:/Users/Nakata/Documents/Proyek 3/praktikum_modul_3_251511009_nakata/Modul3/activity-manager/vendor/laravel/framework/src/Illuminate/Http/Middleware/TrustProxies.php(58): Illuminate/Pipeline/Pipeline->{closure:{closure:Illuminate/Pipeline/Pipeline::carry():194}:195}(Object(Illuminate/Http/Request))
#44 C:/Users/Nakata/Documents/Proyek 3/praktikum_modul_3_251511009_nakata/Modul3/activity-manager/vendor/laravel/framework/src/Illuminate/Pipeline/Pipeline.php(219): Illuminate/Http/Middleware/TrustProxies->handle(Object(Illuminate/Http/Request), Object(Closure))
#45 C:/Users/Nakata/Documents/Proyek 3/praktikum_modul_3_251511009_nakata/Modul3/activity-manager/vendor/laravel/framework/src/Illuminate/Foundation/Http/Middleware/InvokeDeferredCallbacks.php(22): Illuminate/Pipeline/Pipeline->{closure:{closure:Illuminate/Pipeline/Pipeline::carry():194}:195}(Object(Illuminate/Http/Request))
#46 C:/Users/Nakata/Documents/Proyek 3/praktikum_modul_3_251511009_nakata/Modul3/activity-manager/vendor/laravel/framework/src/Illuminate/Pipeline/Pipeline.php(219): Illuminate/Foundation/Http/Middleware/InvokeDeferredCallbacks->handle(Object(Illuminate/Http/Request), Object(Closure))
#47 C:/Users/Nakata/Documents/Proyek 3/praktikum_modul_3_251511009_nakata/Modul3/activity-manager/vendor/laravel/framework/src/Illuminate/Http/Middleware/ValidatePathEncoding.php(28): Illuminate/Pipeline/Pipeline->{closure:{closure:Illuminate/Pipeline/Pipeline::carry():194}:195}(Object(Illuminate/Http/Request))
#48 C:/Users/Nakata/Documents/Proyek 3/praktikum_modul_3_251511009_nakata/Modul3/activity-manager/vendor/laravel/framework/src/Illuminate/Pipeline/Pipeline.php(219): Illuminate/Http/Middleware/ValidatePathEncoding->handle(Object(Illuminate/Http/Request), Object(Closure))
#49 C:/Users/Nakata/Documents/Proyek 3/praktikum_modul_3_251511009_nakata/Modul3/activity-manager/vendor/laravel/framework/src/Illuminate/Pipeline/Pipeline.php(137): Illuminate/Pipeline/Pipeline->{closure:{closure:Illuminate/Pipeline/Pipeline::carry():194}:195}(Object(Illuminate/Http/Request))
#50 C:/Users/Nakata/Documents/Proyek 3/praktikum_modul_3_251511009_nakata/Modul3/activity-manager/vendor/laravel/framework/src/Illuminate/Foundation/Http/Kernel.php(175): Illuminate/Pipeline/Pipeline->then(Object(Closure))
#51 C:/Users/Nakata/Documents/Proyek 3/praktikum_modul_3_251511009_nakata/Modul3/activity-manager/vendor/laravel/framework/src/Illuminate/Foundation/Http/Kernel.php(144): Illuminate/Foundation/Http/Kernel->sendRequestThroughRouter(Object(Illuminate/Http/Request))
#52 C:/Users/Nakata/Documents/Proyek 3/praktikum_modul_3_251511009_nakata/Modul3/activity-manager/vendor/laravel/framework/src/Illuminate/Foundation/Application.php(1227): Illuminate/Foundation/Http/Kernel->handle(Object(Illuminate/Http/Request))
#53 C:/Users/Nakata/Documents/Proyek 3/praktikum_modul_3_251511009_nakata/Modul3/activity-manager/public/index.php(20): Illuminate/Foundation/Application->handleRequest(Object(Illuminate/Http/Request))
#54 C:/Users/Nakata/Documents/Proyek 3/praktikum_modul_3_251511009_nakata/Modul3/activity-manager/vendor/laravel/framework/src/Illuminate/Foundation/resources/server.php(23): require_once('C://Users//Nakata...')
#55 {main}

[previous exception] [object] (Illuminate\\View\\ViewException(code: 0): Vite manifest not found at: C:\\Users\\Nakata\\Documents\\Proyek 3\\praktikum_modul_3_251511009_nakata\\Modul3\\activity-manager\\public\\build/manifest.json (View: C:\\Users\\Nakata\\Documents\\Proyek 3\\praktikum_modul_3_251511009_nakata\\Modul3\\activity-manager\\resources\\views\\layouts\\app.blade.php) at C:/Users/Nakata/Documents/Proyek 3/praktikum_modul_3_251511009_nakata/Modul3/activity-manager/vendor/laravel/framework/src/Illuminate/Foundation/Vite.php:974)
[stacktrace]
#0 C:/Users/Nakata/Documents/Proyek 3/praktikum_modul_3_251511009_nakata/Modul3/activity-manager/vendor/laravel/framework/src/Illuminate/View/Engines/PhpEngine.php(59): Illuminate/View/Engines/CompilerEngine->handleViewException(Object(Illuminate/Foundation/ViteManifestNotFoundException), 1)
#1 C:/Users/Nakata/Documents/Proyek 3/praktikum_modul_3_251511009_nakata/Modul3/activity-manager/vendor/laravel/framework/src/Illuminate/View/Engines/CompilerEngine.php(76): Illuminate/View/Engines/PhpEngine->evaluatePath('C://Users//Nakata...', Array)
#2 C:/Users/Nakata/Documents/Proyek 3/praktikum_modul_3_251511009_nakata/Modul3/activity-manager/vendor/laravel/framework/src/Illuminate/View/View.php(208): Illuminate/View/Engines/CompilerEngine->get('C://Users//Nakata...', Array)
#3 C:/Users/Nakata/Documents/Proyek 3/praktikum_modul_3_251511009_nakata/Modul3/activity-manager/vendor/laravel/framework/src/Illuminate/View/View.php(191): Illuminate/View/View->getContents()
#4 C:/Users/Nakata/Documents/Proyek 3/praktikum_modul_3_251511009_nakata/Modul3/activity-manager/vendor/laravel/framework/src/Illuminate/View/View.php(160): Illuminate/View/View->renderContents()
#5 C:/Users/Nakata/Documents/Proyek 3/praktikum_modul_3_251511009_nakata/Modul3/activity-manager/storage/framework/views/161347b359dc333522c4812a28465cc2.php(25): Illuminate/View/View->render()
#6 C:/Users/Nakata/Documents/Proyek 3/praktikum_modul_3_251511009_nakata/Modul3/activity-manager/vendor/laravel/framework/src/Illuminate/Filesystem/Filesystem.php(123): require('C://Users//Nakata...')
#7 C:/Users/Nakata/Documents/Proyek 3/praktikum_modul_3_251511009_nakata/Modul3/activity-manager/vendor/laravel/framework/src/Illuminate/Filesystem/Filesystem.php(124): Illuminate/Filesystem/Filesystem::{closure:Illuminate/Filesystem/Filesystem::getRequire():120}()
#8 C:/Users/Nakata/Documents/Proyek 3/praktikum_modul_3_251511009_nakata/Modul3/activity-manager/vendor/laravel/framework/src/Illuminate/View/Engines/PhpEngine.php(57): Illuminate/Filesystem/Filesystem->getRequire('C://Users//Nakata...', Array)
#9 C:/Users/Nakata/Documents/Proyek 3/praktikum_modul_3_251511009_nakata/Modul3/activity-manager/vendor/laravel/framework/src/Illuminate/View/Engines/CompilerEngine.php(76): Illuminate/View/Engines/PhpEngine->evaluatePath('C://Users//Nakata...', Array)
#10 C:/Users/Nakata/Documents/Proyek 3/praktikum_modul_3_251511009_nakata/Modul3/activity-manager/vendor/laravel/framework/src/Illuminate/View/View.php(208): Illuminate/View/Engines/CompilerEngine->get('C://Users//Nakata...', Array)
#11 C:/Users/Nakata/Documents/Proyek 3/praktikum_modul_3_251511009_nakata/Modul3/activity-manager/vendor/laravel/framework/src/Illuminate/View/View.php(191): Illuminate/View/View->getContents()
#12 C:/Users/Nakata/Documents/Proyek 3/praktikum_modul_3_251511009_nakata/Modul3/activity-manager/vendor/laravel/framework/src/Illuminate/View/View.php(160): Illuminate/View/View->renderContents()
#13 C:/Users/Nakata/Documents/Proyek 3/praktikum_modul_3_251511009_nakata/Modul3/activity-manager/vendor/laravel/framework/src/Illuminate/Http/Response.php(82): Illuminate/View/View->render()
#14 C:/Users/Nakata/Documents/Proyek 3/praktikum_modul_3_251511009_nakata/Modul3/activity-manager/vendor/laravel/framework/src/Illuminate/Http/Response.php(40): Illuminate/Http/Response->setContent(Object(Illuminate/View/View))
#15 C:/Users/Nakata/Documents/Proyek 3/praktikum_modul_3_251511009_nakata/Modul3/activity-manager/vendor/laravel/framework/src/Illuminate/Routing/Router.php(939): Illuminate/Http/Response->__construct(Object(Illuminate/View/View), 200, Array)
#16 C:/Users/Nakata/Documents/Proyek 3/praktikum_modul_3_251511009_nakata/Modul3/activity-manager/vendor/laravel/framework/src/Illuminate/Routing/Router.php(906): Illuminate/Routing/Router::toResponse(Object(Illuminate/Http/Request), Object(Illuminate/View/View))
#17 C:/Users/Nakata/Documents/Proyek 3/praktikum_modul_3_251511009_nakata/Modul3/activity-manager/vendor/laravel/framework/src/Illuminate/Routing/Router.php(821): Illuminate/Routing/Router->prepareResponse(Object(Illuminate/Http/Request), Object(Illuminate/View/View))
#18 C:/Users/Nakata/Documents/Proyek 3/praktikum_modul_3_251511009_nakata/Modul3/activity-manager/vendor/laravel/framework/src/Illuminate/Pipeline/Pipeline.php(180): Illuminate/Routing/Router->{closure:Illuminate/Routing/Router::runRouteWithinStack():821}(Object(Illuminate/Http/Request))
#19 C:/Users/Nakata/Documents/Proyek 3/praktikum_modul_3_251511009_nakata/Modul3/activity-manager/vendor/laravel/framework/src/Illuminate/Routing/Middleware/SubstituteBindings.php(52): Illuminate/Pipeline/Pipeline->{closure:Illuminate/Pipeline/Pipeline::prepareDestination():178}(Object(Illuminate/Http/Request))
#20 C:/Users/Nakata/Documents/Proyek 3/praktikum_modul_3_251511009_nakata/Modul3/activity-manager/vendor/laravel/framework/src/Illuminate/Pipeline/Pipeline.php(219): Illuminate/Routing/Middleware/SubstituteBindings->handle(Object(Illuminate/Http/Request), Object(Closure))
#21 C:/Users/Nakata/Documents/Proyek 3/praktikum_modul_3_251511009_nakata/Modul3/activity-manager/vendor/laravel/framework/src/Illuminate/Foundation/Http/Middleware/PreventRequestForgery.php(104): Illuminate/Pipeline/Pipeline->{closure:{closure:Illuminate/Pipeline/Pipeline::carry():194}:195}(Object(Illuminate/Http/Request))
#22 C:/Users/Nakata/Documents/Proyek 3/praktikum_modul_3_251511009_nakata/Modul3/activity-manager/vendor/laravel/framework/src/Illuminate/Pipeline/Pipeline.php(219): Illuminate/Foundation/Http/Middleware/PreventRequestForgery->handle(Object(Illuminate/Http/Request), Object(Closure))
#23 C:/Users/Nakata/Documents/Proyek 3/praktikum_modul_3_251511009_nakata/Modul3/activity-manager/vendor/laravel/framework/src/Illuminate/View/Middleware/ShareErrorsFromSession.php(48): Illuminate/Pipeline/Pipeline->{closure:{closure:Illuminate/Pipeline/Pipeline::carry():194}:195}(Object(Illuminate/Http/Request))
#24 C:/Users/Nakata/Documents/Proyek 3/praktikum_modul_3_251511009_nakata/Modul3/activity-manager/vendor/laravel/framework/src/Illuminate/Pipeline/Pipeline.php(219): Illuminate/View/Middleware/ShareErrorsFromSession->handle(Object(Illuminate/Http/Request), Object(Closure))
#25 C:/Users/Nakata/Documents/Proyek 3/praktikum_modul_3_251511009_nakata/Modul3/activity-manager/vendor/laravel/framework/src/Illuminate/Session/Middleware/StartSession.php(120): Illuminate/Pipeline/Pipeline->{closure:{closure:Illuminate/Pipeline/Pipeline::carry():194}:195}(Object(Illuminate/Http/Request))
#26 C:/Users/Nakata/Documents/Proyek 3/praktikum_modul_3_251511009_nakata/Modul3/activity-manager/vendor/laravel/framework/src/Illuminate/Session/Middleware/StartSession.php(63): Illuminate/Session/Middleware/StartSession->handleStatefulRequest(Object(Illuminate/Http/Request), Object(Illuminate/Session/Store), Object(Closure))
#27 C:/Users/Nakata/Documents/Proyek 3/praktikum_modul_3_251511009_nakata/Modul3/activity-manager/vendor/laravel/framework/src/Illuminate/Pipeline/Pipeline.php(219): Illuminate/Session/Middleware/StartSession->handle(Object(Illuminate/Http/Request), Object(Closure))
#28 C:/Users/Nakata/Documents/Proyek 3/praktikum_modul_3_251511009_nakata/Modul3/activity-manager/vendor/laravel/framework/src/Illuminate/Cookie/Middleware/AddQueuedCookiesToResponse.php(36): Illuminate/Pipeline/Pipeline->{closure:{closure:Illuminate/Pipeline/Pipeline::carry():194}:195}(Object(Illuminate/Http/Request))
#29 C:/Users/Nakata/Documents/Proyek 3/praktikum_modul_3_251511009_nakata/Modul3/activity-manager/vendor/laravel/framework/src/Illuminate/Pipeline/Pipeline.php(219): Illuminate/Cookie/Middleware/AddQueuedCookiesToResponse->handle(Object(Illuminate/Http/Request), Object(Closure))
#30 C:/Users/Nakata/Documents/Proyek 3/praktikum_modul_3_251511009_nakata/Modul3/activity-manager/vendor/laravel/framework/src/Illuminate/Cookie/Middleware/EncryptCookies.php(74): Illuminate/Pipeline/Pipeline->{closure:{closure:Illuminate/Pipeline/Pipeline::carry():194}:195}(Object(Illuminate/Http/Request))
#31 C:/Users/Nakata/Documents/Proyek 3/praktikum_modul_3_251511009_nakata/Modul3/activity-manager/vendor/laravel/framework/src/Illuminate/Pipeline/Pipeline.php(219): Illuminate/Cookie/Middleware/EncryptCookies->handle(Object(Illuminate/Http/Request), Object(Closure))
#32 C:/Users/Nakata/Documents/Proyek 3/praktikum_modul_3_251511009_nakata/Modul3/activity-manager/vendor/laravel/framework/src/Illuminate/Pipeline/Pipeline.php(137): Illuminate/Pipeline/Pipeline->{closure:{closure:Illuminate/Pipeline/Pipeline::carry():194}:195}(Object(Illuminate/Http/Request))
#33 C:/Users/Nakata/Documents/Proyek 3/praktikum_modul_3_251511009_nakata/Modul3/activity-manager/vendor/laravel/framework/src/Illuminate/Routing/Router.php(821): Illuminate/Pipeline/Pipeline->then(Object(Closure))
#34 C:/Users/Nakata/Documents/Proyek 3/praktikum_modul_3_251511009_nakata/Modul3/activity-manager/vendor/laravel/framework/src/Illuminate/Routing/Router.php(800): Illuminate/Routing/Router->runRouteWithinStack(Object(Illuminate/Routing/Route), Object(Illuminate/Http/Request))
#35 C:/Users/Nakata/Documents/Proyek 3/praktikum_modul_3_251511009_nakata/Modul3/activity-manager/vendor/laravel/framework/src/Illuminate/Routing/Router.php(764): Illuminate/Routing/Router->runRoute(Object(Illuminate/Http/Request), Object(Illuminate/Routing/Route))
#36 C:/Users/Nakata/Documents/Proyek 3/praktikum_modul_3_251511009_nakata/Modul3/activity-manager/vendor/laravel/framework/src/Illuminate/Routing/Router.php(753): Illuminate/Routing/Router->dispatchToRoute(Object(Illuminate/Http/Request))
#37 C:/Users/Nakata/Documents/Proyek 3/praktikum_modul_3_251511009_nakata/Modul3/activity-manager/vendor/laravel/framework/src/Illuminate/Foundation/Http/Kernel.php(200): Illuminate/Routing/Router->dispatch(Object(Illuminate/Http/Request))
#38 C:/Users/Nakata/Documents/Proyek 3/praktikum_modul_3_251511009_nakata/Modul3/activity-manager/vendor/laravel/framework/src/Illuminate/Pipeline/Pipeline.php(180): Illuminate/Foundation/Http/Kernel->{closure:Illuminate/Foundation/Http/Kernel::dispatchToRouter():197}(Object(Illuminate/Http/Request))
#39 C:/Users/Nakata/Documents/Proyek 3/praktikum_modul_3_251511009_nakata/Modul3/activity-manager/vendor/laravel/framework/src/Illuminate/Foundation/Http/Middleware/TransformsRequest.php(21): Illuminate/Pipeline/Pipeline->{closure:Illuminate/Pipeline/Pipeline::prepareDestination():178}(Object(Illuminate/Http/Request))
#40 C:/Users/Nakata/Documents/Proyek 3/praktikum_modul_3_251511009_nakata/Modul3/activity-manager/vendor/laravel/framework/src/Illuminate/Foundation/Http/Middleware/ConvertEmptyStringsToNull.php(31): Illuminate/Foundation/Http/Middleware/TransformsRequest->handle(Object(Illuminate/Http/Request), Object(Closure))
#41 C:/Users/Nakata/Documents/Proyek 3/praktikum_modul_3_251511009_nakata/Modul3/activity-manager/vendor/laravel/framework/src/Illuminate/Pipeline/Pipeline.php(219): Illuminate/Foundation/Http/Middleware/ConvertEmptyStringsToNull->handle(Object(Illuminate/Http/Request), Object(Closure))
#42 C:/Users/Nakata/Documents/Proyek 3/praktikum_modul_3_251511009_nakata/Modul3/activity-manager/vendor/laravel/framework/src/Illuminate/Foundation/Http/Middleware/TransformsRequest.php(21): Illuminate/Pipeline/Pipeline->{closure:{closure:Illuminate/Pipeline/Pipeline::carry():194}:195}(Object(Illuminate/Http/Request))
#43 C:/Users/Nakata/Documents/Proyek 3/praktikum_modul_3_251511009_nakata/Modul3/activity-manager/vendor/laravel/framework/src/Illuminate/Foundation/Http/Middleware/TrimStrings.php(51): Illuminate/Foundation/Http/Middleware/TransformsRequest->handle(Object(Illuminate/Http/Request), Object(Closure))
#44 C:/Users/Nakata/Documents/Proyek 3/praktikum_modul_3_251511009_nakata/Modul3/activity-manager/vendor/laravel/framework/src/Illuminate/Pipeline/Pipeline.php(219): Illuminate/Foundation/Http/Middleware/TrimStrings->handle(Object(Illuminate/Http/Request), Object(Closure))
#45 C:/Users/Nakata/Documents/Proyek 3/praktikum_modul_3_251511009_nakata/Modul3/activity-manager/vendor/laravel/framework/src/Illuminate/Http/Middleware/ValidatePostSize.php(27): Illuminate/Pipeline/Pipeline->{closure:{closure:Illuminate/Pipeline/Pipeline::carry():194}:195}(Object(Illuminate/Http/Request))
#46 C:/Users/Nakata/Documents/Proyek 3/praktikum_modul_3_251511009_nakata/Modul3/activity-manager/vendor/laravel/framework/src/Illuminate/Pipeline/Pipeline.php(219): Illuminate/Http/Middleware/ValidatePostSize->handle(Object(Illuminate/Http/Request), Object(Closure))
#47 C:/Users/Nakata/Documents/Proyek 3/praktikum_modul_3_251511009_nakata/Modul3/activity-manager/vendor/laravel/framework/src/Illuminate/Foundation/Http/Middleware/PreventRequestsDuringMaintenance.php(110): Illuminate/Pipeline/Pipeline->{closure:{closure:Illuminate/Pipeline/Pipeline::carry():194}:195}(Object(Illuminate/Http/Request))
#48 C:/Users/Nakata/Documents/Proyek 3/praktikum_modul_3_251511009_nakata/Modul3/activity-manager/vendor/laravel/framework/src/Illuminate/Pipeline/Pipeline.php(219): Illuminate/Foundation/Http/Middleware/PreventRequestsDuringMaintenance->handle(Object(Illuminate/Http/Request), Object(Closure))
#49 C:/Users/Nakata/Documents/Proyek 3/praktikum_modul_3_251511009_nakata/Modul3/activity-manager/vendor/laravel/framework/src/Illuminate/Http/Middleware/HandleCors.php(61): Illuminate/Pipeline/Pipeline->{closure:{closure:Illuminate/Pipeline/Pipeline::carry():194}:195}(Object(Illuminate/Http/Request))
#50 C:/Users/Nakata/Documents/Proyek 3/praktikum_modul_3_251511009_nakata/Modul3/activity-manager/vendor/laravel/framework/src/Illuminate/Pipeline/Pipeline.php(219): Illuminate/Http/Middleware/HandleCors->handle(Object(Illuminate/Http/Request), Object(Closure))
#51 C:/Users/Nakata/Documents/Proyek 3/praktikum_modul_3_251511009_nakata/Modul3/activity-manager/vendor/laravel/framework/src/Illuminate/Http/Middleware/TrustProxies.php(58): Illuminate/Pipeline/Pipeline->{closure:{closure:Illuminate/Pipeline/Pipeline::carry():194}:195}(Object(Illuminate/Http/Request))
#52 C:/Users/Nakata/Documents/Proyek 3/praktikum_modul_3_251511009_nakata/Modul3/activity-manager/vendor/laravel/framework/src/Illuminate/Pipeline/Pipeline.php(219): Illuminate/Http/Middleware/TrustProxies->handle(Object(Illuminate/Http/Request), Object(Closure))
#53 C:/Users/Nakata/Documents/Proyek 3/praktikum_modul_3_251511009_nakata/Modul3/activity-manager/vendor/laravel/framework/src/Illuminate/Foundation/Http/Middleware/InvokeDeferredCallbacks.php(22): Illuminate/Pipeline/Pipeline->{closure:{closure:Illuminate/Pipeline/Pipeline::carry():194}:195}(Object(Illuminate/Http/Request))
#54 C:/Users/Nakata/Documents/Proyek 3/praktikum_modul_3_251511009_nakata/Modul3/activity-manager/vendor/laravel/framework/src/Illuminate/Pipeline/Pipeline.php(219): Illuminate/Foundation/Http/Middleware/InvokeDeferredCallbacks->handle(Object(Illuminate/Http/Request), Object(Closure))
#55 C:/Users/Nakata/Documents/Proyek 3/praktikum_modul_3_251511009_nakata/Modul3/activity-manager/vendor/laravel/framework/src/Illuminate/Http/Middleware/ValidatePathEncoding.php(28): Illuminate/Pipeline/Pipeline->{closure:{closure:Illuminate/Pipeline/Pipeline::carry():194}:195}(Object(Illuminate/Http/Request))
#56 C:/Users/Nakata/Documents/Proyek 3/praktikum_modul_3_251511009_nakata/Modul3/activity-manager/vendor/laravel/framework/src/Illuminate/Pipeline/Pipeline.php(219): Illuminate/Http/Middleware/ValidatePathEncoding->handle(Object(Illuminate/Http/Request), Object(Closure))
#57 C:/Users/Nakata/Documents/Proyek 3/praktikum_modul_3_251511009_nakata/Modul3/activity-manager/vendor/laravel/framework/src/Illuminate/Pipeline/Pipeline.php(137): Illuminate/Pipeline/Pipeline->{closure:{closure:Illuminate/Pipeline/Pipeline::carry():194}:195}(Object(Illuminate/Http/Request))
#58 C:/Users/Nakata/Documents/Proyek 3/praktikum_modul_3_251511009_nakata/Modul3/activity-manager/vendor/laravel/framework/src/Illuminate/Foundation/Http/Kernel.php(175): Illuminate/Pipeline/Pipeline->then(Object(Closure))
#59 C:/Users/Nakata/Documents/Proyek 3/praktikum_modul_3_251511009_nakata/Modul3/activity-manager/vendor/laravel/framework/src/Illuminate/Foundation/Http/Kernel.php(144): Illuminate/Foundation/Http/Kernel->sendRequestThroughRouter(Object(Illuminate/Http/Request))
#60 C:/Users/Nakata/Documents/Proyek 3/praktikum_modul_3_251511009_nakata/Modul3/activity-manager/vendor/laravel/framework/src/Illuminate/Foundation/Application.php(1227): Illuminate/Foundation/Http/Kernel->handle(Object(Illuminate/Http/Request))
#61 C:/Users/Nakata/Documents/Proyek 3/praktikum_modul_3_251511009_nakata/Modul3/activity-manager/public/index.php(20): Illuminate/Foundation/Application->handleRequest(Object(Illuminate/Http/Request))
#62 C:/Users/Nakata/Documents/Proyek 3/praktikum_modul_3_251511009_nakata/Modul3/activity-manager/vendor/laravel/framework/src/Illuminate/Foundation/resources/server.php(23): require_once('C://Users//Nakata...')
#63 {main}

[previous exception] [object] (Illuminate\\Foundation\\ViteManifestNotFoundException(code: 0): Vite manifest not found at: C:\\Users\\Nakata\\Documents\\Proyek 3\\praktikum_modul_3_251511009_nakata\\Modul3\\activity-manager\\public\\build/manifest.json at C:/Users/Nakata/Documents/Proyek 3/praktikum_modul_3_251511009_nakata/Modul3/activity-manager/vendor/laravel/framework/src/Illuminate/Foundation/Vite.php:974)
[stacktrace]
#0 C:/Users/Nakata/Documents/Proyek 3/praktikum_modul_3_251511009_nakata/Modul3/activity-manager/vendor/laravel/framework/src/Illuminate/Foundation/Vite.php(398): Illuminate/Foundation/Vite->manifest('build')
#1 C:/Users/Nakata/Documents/Proyek 3/praktikum_modul_3_251511009_nakata/Modul3/activity-manager/storage/framework/views/dd8d00d47f5c830c8f857ce5e0aaa73a.php(7): Illuminate/Foundation/Vite->__invoke(Object(Illuminate/Support/Collection))
#2 C:/Users/Nakata/Documents/Proyek 3/praktikum_modul_3_251511009_nakata/Modul3/activity-manager/vendor/laravel/framework/src/Illuminate/Filesystem/Filesystem.php(123): require('C://Users//Nakata...')
#3 C:/Users/Nakata/Documents/Proyek 3/praktikum_modul_3_251511009_nakata/Modul3/activity-manager/vendor/laravel/framework/src/Illuminate/Filesystem/Filesystem.php(124): Illuminate/Filesystem/Filesystem::{closure:Illuminate/Filesystem/Filesystem::getRequire():120}()
#4 C:/Users/Nakata/Documents/Proyek 3/praktikum_modul_3_251511009_nakata/Modul3/activity-manager/vendor/laravel/framework/src/Illuminate/View/Engines/PhpEngine.php(57): Illuminate/Filesystem/Filesystem->getRequire('C://Users//Nakata...', Array)
#5 C:/Users/Nakata/Documents/Proyek 3/praktikum_modul_3_251511009_nakata/Modul3/activity-manager/vendor/laravel/framework/src/Illuminate/View/Engines/CompilerEngine.php(76): Illuminate/View/Engines/PhpEngine->evaluatePath('C://Users//Nakata...', Array)
#6 C:/Users/Nakata/Documents/Proyek 3/praktikum_modul_3_251511009_nakata/Modul3/activity-manager/vendor/laravel/framework/src/Illuminate/View/View.php(208): Illuminate/View/Engines/CompilerEngine->get('C://Users//Nakata...', Array)
#7 C:/Users/Nakata/Documents/Proyek 3/praktikum_modul_3_251511009_nakata/Modul3/activity-manager/vendor/laravel/framework/src/Illuminate/View/View.php(191): Illuminate/View/View->getContents()
#8 C:/Users/Nakata/Documents/Proyek 3/praktikum_modul_3_251511009_nakata/Modul3/activity-manager/vendor/laravel/framework/src/Illuminate/View/View.php(160): Illuminate/View/View->renderContents()
#9 C:/Users/Nakata/Documents/Proyek 3/praktikum_modul_3_251511009_nakata/Modul3/activity-manager/storage/framework/views/161347b359dc333522c4812a28465cc2.php(25): Illuminate/View/View->render()
#10 C:/Users/Nakata/Documents/Proyek 3/praktikum_modul_3_251511009_nakata/Modul3/activity-manager/vendor/laravel/framework/src/Illuminate/Filesystem/Filesystem.php(123): require('C://Users//Nakata...')
#11 C:/Users/Nakata/Documents/Proyek 3/praktikum_modul_3_251511009_nakata/Modul3/activity-manager/vendor/laravel/framework/src/Illuminate/Filesystem/Filesystem.php(124): Illuminate/Filesystem/Filesystem::{closure:Illuminate/Filesystem/Filesystem::getRequire():120}()
#12 C:/Users/Nakata/Documents/Proyek 3/praktikum_modul_3_251511009_nakata/Modul3/activity-manager/vendor/laravel/framework/src/Illuminate/View/Engines/PhpEngine.php(57): Illuminate/Filesystem/Filesystem->getRequire('C://Users//Nakata...', Array)
#13 C:/Users/Nakata/Documents/Proyek 3/praktikum_modul_3_251511009_nakata/Modul3/activity-manager/vendor/laravel/framework/src/Illuminate/View/Engines/CompilerEngine.php(76): Illuminate/View/Engines/PhpEngine->evaluatePath('C://Users//Nakata...', Array)
#14 C:/Users/Nakata/Documents/Proyek 3/praktikum_modul_3_251511009_nakata/Modul3/activity-manager/vendor/laravel/framework/src/Illuminate/View/View.php(208): Illuminate/View/Engines/CompilerEngine->get('C://Users//Nakata...', Array)
#15 C:/Users/Nakata/Documents/Proyek 3/praktikum_modul_3_251511009_nakata/Modul3/activity-manager/vendor/laravel/framework/src/Illuminate/View/View.php(191): Illuminate/View/View->getContents()
#16 C:/Users/Nakata/Documents/Proyek 3/praktikum_modul_3_251511009_nakata/Modul3/activity-manager/vendor/laravel/framework/src/Illuminate/View/View.php(160): Illuminate/View/View->renderContents()
#17 C:/Users/Nakata/Documents/Proyek 3/praktikum_modul_3_251511009_nakata/Modul3/activity-manager/vendor/laravel/framework/src/Illuminate/Http/Response.php(82): Illuminate/View/View->render()
#18 C:/Users/Nakata/Documents/Proyek 3/praktikum_modul_3_251511009_nakata/Modul3/activity-manager/vendor/laravel/framework/src/Illuminate/Http/Response.php(40): Illuminate/Http/Response->setContent(Object(Illuminate/View/View))
#19 C:/Users/Nakata/Documents/Proyek 3/praktikum_modul_3_251511009_nakata/Modul3/activity-manager/vendor/laravel/framework/src/Illuminate/Routing/Router.php(939): Illuminate/Http/Response->__construct(Object(Illuminate/View/View), 200, Array)
#20 C:/Users/Nakata/Documents/Proyek 3/praktikum_modul_3_251511009_nakata/Modul3/activity-manager/vendor/laravel/framework/src/Illuminate/Routing/Router.php(906): Illuminate/Routing/Router::toResponse(Object(Illuminate/Http/Request), Object(Illuminate/View/View))
#21 C:/Users/Nakata/Documents/Proyek 3/praktikum_modul_3_251511009_nakata/Modul3/activity-manager/vendor/laravel/framework/src/Illuminate/Routing/Router.php(821): Illuminate/Routing/Router->prepareResponse(Object(Illuminate/Http/Request), Object(Illuminate/View/View))
#22 C:/Users/Nakata/Documents/Proyek 3/praktikum_modul_3_251511009_nakata/Modul3/activity-manager/vendor/laravel/framework/src/Illuminate/Pipeline/Pipeline.php(180): Illuminate/Routing/Router->{closure:Illuminate/Routing/Router::runRouteWithinStack():821}(Object(Illuminate/Http/Request))
#23 C:/Users/Nakata/Documents/Proyek 3/praktikum_modul_3_251511009_nakata/Modul3/activity-manager/vendor/laravel/framework/src/Illuminate/Routing/Middleware/SubstituteBindings.php(52): Illuminate/Pipeline/Pipeline->{closure:Illuminate/Pipeline/Pipeline::prepareDestination():178}(Object(Illuminate/Http/Request))
#24 C:/Users/Nakata/Documents/Proyek 3/praktikum_modul_3_251511009_nakata/Modul3/activity-manager/vendor/laravel/framework/src/Illuminate/Pipeline/Pipeline.php(219): Illuminate/Routing/Middleware/SubstituteBindings->handle(Object(Illuminate/Http/Request), Object(Closure))
#25 C:/Users/Nakata/Documents/Proyek 3/praktikum_modul_3_251511009_nakata/Modul3/activity-manager/vendor/laravel/framework/src/Illuminate/Foundation/Http/Middleware/PreventRequestForgery.php(104): Illuminate/Pipeline/Pipeline->{closure:{closure:Illuminate/Pipeline/Pipeline::carry():194}:195}(Object(Illuminate/Http/Request))
#26 C:/Users/Nakata/Documents/Proyek 3/praktikum_modul_3_251511009_nakata/Modul3/activity-manager/vendor/laravel/framework/src/Illuminate/Pipeline/Pipeline.php(219): Illuminate/Foundation/Http/Middleware/PreventRequestForgery->handle(Object(Illuminate/Http/Request), Object(Closure))
#27 C:/Users/Nakata/Documents/Proyek 3/praktikum_modul_3_251511009_nakata/Modul3/activity-manager/vendor/laravel/framework/src/Illuminate/View/Middleware/ShareErrorsFromSession.php(48): Illuminate/Pipeline/Pipeline->{closure:{closure:Illuminate/Pipeline/Pipeline::carry():194}:195}(Object(Illuminate/Http/Request))
#28 C:/Users/Nakata/Documents/Proyek 3/praktikum_modul_3_251511009_nakata/Modul3/activity-manager/vendor/laravel/framework/src/Illuminate/Pipeline/Pipeline.php(219): Illuminate/View/Middleware/ShareErrorsFromSession->handle(Object(Illuminate/Http/Request), Object(Closure))
#29 C:/Users/Nakata/Documents/Proyek 3/praktikum_modul_3_251511009_nakata/Modul3/activity-manager/vendor/laravel/framework/src/Illuminate/Session/Middleware/StartSession.php(120): Illuminate/Pipeline/Pipeline->{closure:{closure:Illuminate/Pipeline/Pipeline::carry():194}:195}(Object(Illuminate/Http/Request))
#30 C:/Users/Nakata/Documents/Proyek 3/praktikum_modul_3_251511009_nakata/Modul3/activity-manager/vendor/laravel/framework/src/Illuminate/Session/Middleware/StartSession.php(63): Illuminate/Session/Middleware/StartSession->handleStatefulRequest(Object(Illuminate/Http/Request), Object(Illuminate/Session/Store), Object(Closure))
#31 C:/Users/Nakata/Documents/Proyek 3/praktikum_modul_3_251511009_nakata/Modul3/activity-manager/vendor/laravel/framework/src/Illuminate/Pipeline/Pipeline.php(219): Illuminate/Session/Middleware/StartSession->handle(Object(Illuminate/Http/Request), Object(Closure))
#32 C:/Users/Nakata/Documents/Proyek 3/praktikum_modul_3_251511009_nakata/Modul3/activity-manager/vendor/laravel/framework/src/Illuminate/Cookie/Middleware/AddQueuedCookiesToResponse.php(36): Illuminate/Pipeline/Pipeline->{closure:{closure:Illuminate/Pipeline/Pipeline::carry():194}:195}(Object(Illuminate/Http/Request))
#33 C:/Users/Nakata/Documents/Proyek 3/praktikum_modul_3_251511009_nakata/Modul3/activity-manager/vendor/laravel/framework/src/Illuminate/Pipeline/Pipeline.php(219): Illuminate/Cookie/Middleware/AddQueuedCookiesToResponse->handle(Object(Illuminate/Http/Request), Object(Closure))
#34 C:/Users/Nakata/Documents/Proyek 3/praktikum_modul_3_251511009_nakata/Modul3/activity-manager/vendor/laravel/framework/src/Illuminate/Cookie/Middleware/EncryptCookies.php(74): Illuminate/Pipeline/Pipeline->{closure:{closure:Illuminate/Pipeline/Pipeline::carry():194}:195}(Object(Illuminate/Http/Request))
#35 C:/Users/Nakata/Documents/Proyek 3/praktikum_modul_3_251511009_nakata/Modul3/activity-manager/vendor/laravel/framework/src/Illuminate/Pipeline/Pipeline.php(219): Illuminate/Cookie/Middleware/EncryptCookies->handle(Object(Illuminate/Http/Request), Object(Closure))
#36 C:/Users/Nakata/Documents/Proyek 3/praktikum_modul_3_251511009_nakata/Modul3/activity-manager/vendor/laravel/framework/src/Illuminate/Pipeline/Pipeline.php(137): Illuminate/Pipeline/Pipeline->{closure:{closure:Illuminate/Pipeline/Pipeline::carry():194}:195}(Object(Illuminate/Http/Request))
#37 C:/Users/Nakata/Documents/Proyek 3/praktikum_modul_3_251511009_nakata/Modul3/activity-manager/vendor/laravel/framework/src/Illuminate/Routing/Router.php(821): Illuminate/Pipeline/Pipeline->then(Object(Closure))
#38 C:/Users/Nakata/Documents/Proyek 3/praktikum_modul_3_251511009_nakata/Modul3/activity-manager/vendor/laravel/framework/src/Illuminate/Routing/Router.php(800): Illuminate/Routing/Router->runRouteWithinStack(Object(Illuminate/Routing/Route), Object(Illuminate/Http/Request))
#39 C:/Users/Nakata/Documents/Proyek 3/praktikum_modul_3_251511009_nakata/Modul3/activity-manager/vendor/laravel/framework/src/Illuminate/Routing/Router.php(764): Illuminate/Routing/Router->runRoute(Object(Illuminate/Http/Request), Object(Illuminate/Routing/Route))
#40 C:/Users/Nakata/Documents/Proyek 3/praktikum_modul_3_251511009_nakata/Modul3/activity-manager/vendor/laravel/framework/src/Illuminate/Routing/Router.php(753): Illuminate/Routing/Router->dispatchToRoute(Object(Illuminate/Http/Request))
#41 C:/Users/Nakata/Documents/Proyek 3/praktikum_modul_3_251511009_nakata/Modul3/activity-manager/vendor/laravel/framework/src/Illuminate/Foundation/Http/Kernel.php(200): Illuminate/Routing/Router->dispatch(Object(Illuminate/Http/Request))
#42 C:/Users/Nakata/Documents/Proyek 3/praktikum_modul_3_251511009_nakata/Modul3/activity-manager/vendor/laravel/framework/src/Illuminate/Pipeline/Pipeline.php(180): Illuminate/Foundation/Http/Kernel->{closure:Illuminate/Foundation/Http/Kernel::dispatchToRouter():197}(Object(Illuminate/Http/Request))
#43 C:/Users/Nakata/Documents/Proyek 3/praktikum_modul_3_251511009_nakata/Modul3/activity-manager/vendor/laravel/framework/src/Illuminate/Foundation/Http/Middleware/TransformsRequest.php(21): Illuminate/Pipeline/Pipeline->{closure:Illuminate/Pipeline/Pipeline::prepareDestination():178}(Object(Illuminate/Http/Request))
#44 C:/Users/Nakata/Documents/Proyek 3/praktikum_modul_3_251511009_nakata/Modul3/activity-manager/vendor/laravel/framework/src/Illuminate/Foundation/Http/Middleware/ConvertEmptyStringsToNull.php(31): Illuminate/Foundation/Http/Middleware/TransformsRequest->handle(Object(Illuminate/Http/Request), Object(Closure))
#45 C:/Users/Nakata/Documents/Proyek 3/praktikum_modul_3_251511009_nakata/Modul3/activity-manager/vendor/laravel/framework/src/Illuminate/Pipeline/Pipeline.php(219): Illuminate/Foundation/Http/Middleware/ConvertEmptyStringsToNull->handle(Object(Illuminate/Http/Request), Object(Closure))
#46 C:/Users/Nakata/Documents/Proyek 3/praktikum_modul_3_251511009_nakata/Modul3/activity-manager/vendor/laravel/framework/src/Illuminate/Foundation/Http/Middleware/TransformsRequest.php(21): Illuminate/Pipeline/Pipeline->{closure:{closure:Illuminate/Pipeline/Pipeline::carry():194}:195}(Object(Illuminate/Http/Request))
#47 C:/Users/Nakata/Documents/Proyek 3/praktikum_modul_3_251511009_nakata/Modul3/activity-manager/vendor/laravel/framework/src/Illuminate/Foundation/Http/Middleware/TrimStrings.php(51): Illuminate/Foundation/Http/Middleware/TransformsRequest->handle(Object(Illuminate/Http/Request), Object(Closure))
#48 C:/Users/Nakata/Documents/Proyek 3/praktikum_modul_3_251511009_nakata/Modul3/activity-manager/vendor/laravel/framework/src/Illuminate/Pipeline/Pipeline.php(219): Illuminate/Foundation/Http/Middleware/TrimStrings->handle(Object(Illuminate/Http/Request), Object(Closure))
#49 C:/Users/Nakata/Documents/Proyek 3/praktikum_modul_3_251511009_nakata/Modul3/activity-manager/vendor/laravel/framework/src/Illuminate/Http/Middleware/ValidatePostSize.php(27): Illuminate/Pipeline/Pipeline->{closure:{closure:Illuminate/Pipeline/Pipeline::carry():194}:195}(Object(Illuminate/Http/Request))
#50 C:/Users/Nakata/Documents/Proyek 3/praktikum_modul_3_251511009_nakata/Modul3/activity-manager/vendor/laravel/framework/src/Illuminate/Pipeline/Pipeline.php(219): Illuminate/Http/Middleware/ValidatePostSize->handle(Object(Illuminate/Http/Request), Object(Closure))
#51 C:/Users/Nakata/Documents/Proyek 3/praktikum_modul_3_251511009_nakata/Modul3/activity-manager/vendor/laravel/framework/src/Illuminate/Foundation/Http/Middleware/PreventRequestsDuringMaintenance.php(110): Illuminate/Pipeline/Pipeline->{closure:{closure:Illuminate/Pipeline/Pipeline::carry():194}:195}(Object(Illuminate/Http/Request))
#52 C:/Users/Nakata/Documents/Proyek 3/praktikum_modul_3_251511009_nakata/Modul3/activity-manager/vendor/laravel/framework/src/Illuminate/Pipeline/Pipeline.php(219): Illuminate/Foundation/Http/Middleware/PreventRequestsDuringMaintenance->handle(Object(Illuminate/Http/Request), Object(Closure))
#53 C:/Users/Nakata/Documents/Proyek 3/praktikum_modul_3_251511009_nakata/Modul3/activity-manager/vendor/laravel/framework/src/Illuminate/Http/Middleware/HandleCors.php(61): Illuminate/Pipeline/Pipeline->{closure:{closure:Illuminate/Pipeline/Pipeline::carry():194}:195}(Object(Illuminate/Http/Request))
#54 C:/Users/Nakata/Documents/Proyek 3/praktikum_modul_3_251511009_nakata/Modul3/activity-manager/vendor/laravel/framework/src/Illuminate/Pipeline/Pipeline.php(219): Illuminate/Http/Middleware/HandleCors->handle(Object(Illuminate/Http/Request), Object(Closure))
#55 C:/Users/Nakata/Documents/Proyek 3/praktikum_modul_3_251511009_nakata/Modul3/activity-manager/vendor/laravel/framework/src/Illuminate/Http/Middleware/TrustProxies.php(58): Illuminate/Pipeline/Pipeline->{closure:{closure:Illuminate/Pipeline/Pipeline::carry():194}:195}(Object(Illuminate/Http/Request))
#56 C:/Users/Nakata/Documents/Proyek 3/praktikum_modul_3_251511009_nakata/Modul3/activity-manager/vendor/laravel/framework/src/Illuminate/Pipeline/Pipeline.php(219): Illuminate/Http/Middleware/TrustProxies->handle(Object(Illuminate/Http/Request), Object(Closure))
#57 C:/Users/Nakata/Documents/Proyek 3/praktikum_modul_3_251511009_nakata/Modul3/activity-manager/vendor/laravel/framework/src/Illuminate/Foundation/Http/Middleware/InvokeDeferredCallbacks.php(22): Illuminate/Pipeline/Pipeline->{closure:{closure:Illuminate/Pipeline/Pipeline::carry():194}:195}(Object(Illuminate/Http/Request))
#58 C:/Users/Nakata/Documents/Proyek 3/praktikum_modul_3_251511009_nakata/Modul3/activity-manager/vendor/laravel/framework/src/Illuminate/Pipeline/Pipeline.php(219): Illuminate/Foundation/Http/Middleware/InvokeDeferredCallbacks->handle(Object(Illuminate/Http/Request), Object(Closure))
#59 C:/Users/Nakata/Documents/Proyek 3/praktikum_modul_3_251511009_nakata/Modul3/activity-manager/vendor/laravel/framework/src/Illuminate/Http/Middleware/ValidatePathEncoding.php(28): Illuminate/Pipeline/Pipeline->{closure:{closure:Illuminate/Pipeline/Pipeline::carry():194}:195}(Object(Illuminate/Http/Request))
#60 C:/Users/Nakata/Documents/Proyek 3/praktikum_modul_3_251511009_nakata/Modul3/activity-manager/vendor/laravel/framework/src/Illuminate/Pipeline/Pipeline.php(219): Illuminate/Http/Middleware/ValidatePathEncoding->handle(Object(Illuminate/Http/Request), Object(Closure))
#61 C:/Users/Nakata/Documents/Proyek 3/praktikum_modul_3_251511009_nakata/Modul3/activity-manager/vendor/laravel/framework/src/Illuminate/Pipeline/Pipeline.php(137): Illuminate/Pipeline/Pipeline->{closure:{closure:Illuminate/Pipeline/Pipeline::carry():194}:195}(Object(Illuminate/Http/Request))
#62 C:/Users/Nakata/Documents/Proyek 3/praktikum_modul_3_251511009_nakata/Modul3/activity-manager/vendor/laravel/framework/src/Illuminate/Foundation/Http/Kernel.php(175): Illuminate/Pipeline/Pipeline->then(Object(Closure))
#63 C:/Users/Nakata/Documents/Proyek 3/praktikum_modul_3_251511009_nakata/Modul3/activity-manager/vendor/laravel/framework/src/Illuminate/Foundation/Http/Kernel.php(144): Illuminate/Foundation/Http/Kernel->sendRequestThroughRouter(Object(Illuminate/Http/Request))
#64 C:/Users/Nakata/Documents/Proyek 3/praktikum_modul_3_251511009_nakata/Modul3/activity-manager/vendor/laravel/framework/src/Illuminate/Foundation/Application.php(1227): Illuminate/Foundation/Http/Kernel->handle(Object(Illuminate/Http/Request))
#65 C:/Users/Nakata/Documents/Proyek 3/praktikum_modul_3_251511009_nakata/Modul3/activity-manager/public/index.php(20): Illuminate/Foundation/Application->handleRequest(Object(Illuminate/Http/Request))
#66 C:/Users/Nakata/Documents/Proyek 3/praktikum_modul_3_251511009_nakata/Modul3/activity-manager/vendor/laravel/framework/src/Illuminate/Foundation/resources/server.php(23): require_once('C://Users//Nakata...')
#67 {main}
"} 
